Station_ID_C,PositionName,Year,mon,day,Hour,aqi,CO,NO2,O3,PM10,PM2_5,SO2
2568A,马师校,2026,4,23,21,54.0,0.2,4.0,119.0,55.0,24.0,6.0
3994A,马尔康中学西区,2026,4,23,21,56.0,0.2,4.0,118.0,58.0,25.0,4.0
2695A,电视台,2026,4,23,21,150.0,0.5,8.0,111.0,238.0,115.0,4.0
2696A,艺术中心,2026,4,23,21,162.0,0.5,13.0,108.0,191.0,123.0,3.0
2205A,蒙二幼,2026,4,23,21,96.0,0.5,12.0,87.0,114.0,37.0,8.0
2206A,环保局新楼,2026,4,23,21,92.0,0.5,5.0,93.0,108.0,34.0,8.0
2708A,市站,2026,4,23,21,37.0,0.2,28.0,88.0,37.0,11.0,5.0
4166A,阿勒泰路33号,2026,4,23,21,35.0,0.2,12.0,110.0,32.0,6.0,6.0
2630A,阿里监测站,2026,4,23,21,0.0,0.3,1.0,0.0,8.0,3.0,5.0
3192A,阿里藏医院,2026,4,23,21,36.0,0.3,1.0,114.0,8.0,2.0,6.0
2644A,汉滨区检察院,2026,4,23,21,36.0,0.4,22.0,57.0,36.0,12.0,6.0
4054A,市邮政管理局,2026,4,23,21,34.0,0.6,20.0,58.0,34.0,15.0,8.0
2291A,环科院,2026,4,23,21,21.0,0.3,14.0,65.0,14.0,8.0,6.0
2292A,马山宾馆,2026,4,23,21,22.0,0.2,12.0,69.0,15.0,7.0,4.0
2294A,安庆大学,2026,4,23,21,25.0,0.3,7.0,78.0,11.0,4.0,3.0
3173A,市人大,2026,4,23,21,21.0,0.4,10.0,67.0,15.0,7.0,3.0
3123A,凤凰山,2026,4,23,21,53.0,0.6,10.0,84.0,53.0,30.0,10.0
3124A,金钟山,2026,4,23,21,44.0,0.5,7.0,81.0,44.0,30.0,7.0
3125A,娄家坡,2026,4,23,21,43.0,0.7,7.0,81.0,39.0,30.0,11.0
1819A,红庙街,2026,4,23,21,33.0,0.2,12.0,99.0,33.0,20.0,2.0
1820A,银杏小区,2026,4,23,21,36.0,0.1,12.0,102.0,35.0,25.0,4.0
3141A,信访局,2026,4,23,21,45.0,0.3,11.0,102.0,40.0,31.0,2.0
3669A,左辅环卫站,2026,4,23,21,46.0,0.2,12.0,90.0,46.0,28.0,3.0
4117A,钢三路198号,2026,4,23,21,42.0,0.3,10.0,91.0,2.0,29.0,2.0
1748A,深沟寺,2026,4,23,21,76.0,0.8,32.0,85.0,86.0,38.0,15.0
1749A,太阳城,2026,4,23,21,82.0,0.8,31.0,81.0,94.0,42.0,12.0
1750A,太平,2026,4,23,21,89.0,1.1,36.0,86.0,104.0,46.0,14.0
1751A,铁西三道街,2026,4,23,21,80.0,0.5,47.0,72.0,92.0,46.0,10.0
1753A,明达新区,2026,4,23,21,85.0,1.0,36.0,73.0,98.0,43.0,13.0
4201A,兴盛南路290号,2026,4,23,21,93.0,0.6,47.0,72.0,110.0,46.0,11.0
2195A,附二中,2026,4,23,21,91.0,0.4,14.0,92.0,107.0,40.0,9.0
2196A,市环保大楼,2026,4,23,21,91.0,0.4,19.0,81.0,107.0,33.0,6.0
1956A,孔雀公园,2026,4,23,21,135.0,0.3,14.0,72.0,211.0,89.0,11.0
1957A,棉纺厂,2026,4,23,21,156.0,0.0,11.0,84.0,262.0,89.0,0.0
1958A,经济开发区,2026,4,23,21,126.0,0.4,10.0,76.0,187.0,80.0,8.0
3181A,市五中,2026,4,23,21,32.0,0.6,19.0,56.0,29.0,22.0,8.0
3183A,圣泉水务公司,2026,4,23,21,53.0,0.8,44.0,35.0,53.0,22.0,9.0
3616A,市中心医院,2026,4,23,21,36.0,0.7,21.0,55.0,36.0,19.0,10.0
2235A,洮北区环保局,2026,4,23,21,36.0,0.2,11.0,108.0,36.0,20.0,5.0
2236A,市环保局,2026,4,23,21,0.0,0.0,0.0,83.0,51.0,29.0,4.0
2231A,喜丰,2026,4,23,21,80.0,1.1,38.0,51.0,91.0,29.0,12.0
2232A,环保局,2026,4,23,21,56.0,0.9,24.0,54.0,58.0,28.0,10.0
2647A,第三小学,2026,4,23,21,90.0,0.5,31.0,64.0,105.0,53.0,5.0
2648A,动力公司,2026,4,23,21,0.0,0.4,48.0,45.0,0.0,0.0,6.0
2512A,市监测站,2026,4,23,21,0.0,0.4,11.0,0.0,0.0,0.0,8.0
2513A,市中心血站,2026,4,23,21,20.0,0.5,15.0,64.0,15.0,6.0,8.0
4133A,龙景西路,2026,4,23,21,21.0,0.7,11.0,65.0,14.0,8.0,10.0
2270A,工人疗养院,2026,4,23,21,52.0,0.3,16.0,94.0,52.0,21.0,4.0
2271A,百货大楼,2026,4,23,21,38.0,0.4,35.0,71.0,38.0,11.0,5.0
2273A,蚌埠学院,2026,4,23,21,41.0,0.4,35.0,61.0,41.0,10.0,5.0
2274A,淮上区政府,2026,4,23,21,46.0,0.2,32.0,77.0,46.0,11.0,4.0
2275A,高新区,2026,4,23,21,36.0,0.4,23.0,72.0,36.0,11.0,6.0
3715A,蚌埠田家炳中学,2026,4,23,21,52.0,0.3,18.0,90.0,52.0,15.0,4.0
1585A,市环境监测站,2026,4,23,21,110.0,0.4,22.0,102.0,108.0,71.0,6.0
1587A,包头八中,2026,4,23,21,103.0,0.5,34.0,88.0,126.0,62.0,8.0
1589A,惠龙物流,2026,4,23,21,98.0,0.4,16.0,107.0,116.0,37.0,5.0
1590A,东河鸿龙湾,2026,4,23,21,86.0,0.6,46.0,88.0,100.0,51.0,12.0
3283A,滨河大厦,2026,4,23,21,85.0,0.5,23.0,94.0,98.0,45.0,9.0
3419A,包头市委党校,2026,4,23,21,82.0,0.5,43.0,78.0,94.0,43.0,7.0
3683A,昆区政府,2026,4,23,21,0.0,0.4,26.0,0.0,103.0,44.0,3.0
1931A,竹园沟,2026,4,23,21,44.0,0.4,16.0,86.0,44.0,21.0,7.0
1933A,监测站,2026,4,23,21,58.0,0.4,24.0,83.0,61.0,33.0,6.0
1934A,技工学校,2026,4,23,21,49.0,0.5,18.0,99.0,49.0,28.0,4.0
1936A,文理学院,2026,4,23,21,59.0,0.5,33.0,95.0,62.0,33.0,5.0
1937A,三迪小学,2026,4,23,21,70.0,0.5,33.0,110.0,63.0,45.0,6.0
4155A,滨河北路,2026,4,23,21,71.0,0.6,27.0,85.0,79.0,30.0,7.0
4308A,陈仓区北开路21号,2026,4,23,21,70.0,0.5,30.0,110.0,66.0,45.0,8.0
1051A,游泳馆,2026,4,23,21,55.0,0.0,13.0,102.0,56.0,28.0,2.0
1052A,华电二区,2026,4,23,21,0.0,0.4,0.0,105.0,53.0,25.0,3.0
1053A,接待中心,2026,4,23,21,50.0,0.1,10.0,91.0,50.0,22.0,3.0
1054A,地表水厂,2026,4,23,21,64.0,0.2,21.0,88.0,69.0,29.0,2.0
3581A,满城区生态环境分局,2026,4,23,21,60.0,0.2,13.0,89.0,63.0,24.0,3.0
3582A,清苑区第二中学,2026,4,23,21,66.0,0.3,24.0,79.0,72.0,28.0,4.0
3583A,徐水物探局,2026,4,23,21,71.0,0.3,20.0,86.0,79.0,22.0,1.0
4004A,双鹰农机,2026,4,23,21,55.0,0.1,13.0,96.0,57.0,31.0,3.0
4034A,植保所站,2026,4,23,21,73.0,0.2,18.0,96.0,81.0,28.0,1.0
2594A,市环境监测站,2026,4,23,21,66.0,0.4,12.0,134.0,57.0,43.0,7.0
2595A,市环保局,2026,4,23,21,64.0,0.4,6.0,126.0,68.0,42.0,7.0
1867A,海滩公园,2026,4,23,21,23.0,0.8,12.0,55.0,16.0,16.0,10.0
1868A,新市环保局,2026,4,23,21,0.0,0.6,12.0,55.0,19.0,11.0,0.0
1869A,北海工业园,2026,4,23,21,15.0,0.8,11.0,45.0,6.0,10.0,6.0
3400A,龙潭自来水厂,2026,4,23,21,26.0,1.0,11.0,35.0,23.0,18.0,10.0
1001A,万寿西宫,2026,4,23,21,51.0,0.4,16.0,111.0,51.0,21.0,4.0
1003A,东四,2026,4,23,21,47.0,0.5,14.0,117.0,47.0,26.0,3.0
1004A,天坛,2026,4,23,21,41.0,0.3,20.0,99.0,41.0,18.0,5.0
1005A,农展馆,2026,4,23,21,53.0,0.5,16.0,111.0,54.0,24.0,4.0
1006A,官园,2026,4,23,21,50.0,0.3,17.0,109.0,50.0,20.0,2.0
1007A,海淀万柳,2026,4,23,21,53.0,0.4,22.0,93.0,54.0,23.0,6.0
1008A,顺义新城,2026,4,23,21,53.0,0.5,15.0,114.0,54.0,22.0,2.0
1009A,怀柔镇,2026,4,23,21,36.0,0.6,25.0,102.0,36.0,17.0,5.0
1010A,昌平镇,2026,4,23,21,53.0,0.5,20.0,125.0,53.0,28.0,5.0
1011A,奥体中心,2026,4,23,21,49.0,0.4,12.0,107.0,49.0,19.0,4.0
3418A,密云新城,2026,4,23,21,37.0,0.3,16.0,111.0,37.0,16.0,4.0
3671A,门头沟三家店,2026,4,23,21,61.0,0.4,19.0,110.0,65.0,30.0,4.0
3672A,丰台云岗,2026,4,23,21,59.0,0.5,24.0,95.0,62.0,28.0,4.0
3674A,房山燕山,2026,4,23,21,46.0,0.4,21.0,104.0,45.0,32.0,4.0
3675A,大兴旧宫,2026,4,23,21,49.0,0.4,21.0,102.0,49.0,19.0,1.0
3694A,延庆石河营,2026,4,23,21,50.0,0.5,11.0,137.0,50.0,25.0,2.0
3695A,怀柔新城,2026,4,23,21,37.0,0.4,18.0,97.0,37.0,14.0,4.0
3696A,丰台小屯,2026,4,23,21,53.0,0.4,17.0,94.0,54.0,20.0,3.0
3697A,密云镇,2026,4,23,21,39.0,0.4,16.0,123.0,38.0,15.0,6.0
4057A,延庆百泉,2026,4,23,21,53.0,0.6,13.0,130.0,53.0,27.0,1.0
4058A,通州新华,2026,4,23,21,43.0,0.4,19.0,109.0,43.0,16.0,4.0
4182A,石景山八角,2026,4,23,21,68.0,0.4,21.0,101.0,74.0,28.0,4.0
4194A,平谷新城,2026,4,23,21,0.0,0.4,31.0,0.0,42.0,19.0,3.0
1761A,大峪,2026,4,23,21,79.0,1.1,19.0,85.0,90.0,34.0,9.0
1763A,彩屯,2026,4,23,21,74.0,0.8,31.0,78.0,81.0,47.0,10.0
1764A,东明,2026,4,23,21,88.0,1.4,38.0,85.0,91.0,54.0,10.0
1765A,新立屯,2026,4,23,21,63.0,0.7,62.0,34.0,68.0,28.0,9.0
1766A,威宁,2026,4,23,21,78.0,0.6,22.0,95.0,88.0,36.0,9.0
2587A,八中,2026,4,23,21,36.0,0.5,6.0,77.0,36.0,19.0,8.0
2588A,师专,2026,4,23,21,28.0,0.5,7.0,72.0,28.0,11.0,11.0
4263A,工业大道,2026,4,23,21,33.0,0.0,6.0,85.0,29.0,23.0,13.0
1629A,第二水厂,2026,4,23,21,104.0,0.8,22.0,98.0,107.0,64.0,7.0
1630A,北中新校,2026,4,23,21,111.0,0.5,19.0,116.0,70.0,72.0,7.0
3514A,中海酒店,2026,4,23,21,78.0,0.8,37.0,96.0,88.0,47.0,8.0
3515A,开发区一中,2026,4,23,21,98.0,0.9,47.0,79.0,97.0,59.0,9.0
3516A,金海六路,2026,4,23,21,84.0,0.9,30.0,106.0,76.0,52.0,7.0
4028A,滨州市西街道办事处,2026,4,23,21,78.0,0.7,18.0,110.0,75.0,49.0,6.0
2311A,污水处理厂,2026,4,23,21,29.0,0.1,12.0,90.0,25.0,3.0,5.0
2312A,三国揽胜宫,2026,4,23,21,28.0,0.2,9.0,89.0,27.0,3.0,8.0
3332A,亳州学院,2026,4,23,21,27.0,0.3,9.0,86.0,19.0,3.0,8.0
2693A,市党校,2026,4,23,21,62.0,0.3,25.0,107.0,66.0,16.0,4.0
2694A,市环保局,2026,4,23,21,55.0,0.4,30.0,103.0,56.0,9.0,6.0
1071A,沧县城建局,2026,4,23,21,78.0,0.7,21.0,98.0,58.0,49.0,7.0
1072A,电视转播站,2026,4,23,21,58.0,0.3,13.0,117.0,61.0,28.0,8.0
1073A,市环保局,2026,4,23,21,70.0,0.7,17.0,102.0,77.0,35.0,7.0
3324A,河北水利电力学院,2026,4,23,21,55.0,0.3,16.0,99.0,56.0,35.0,7.0
2622A,昌都监测站,2026,4,23,21,30.0,0.5,8.0,96.0,19.0,4.0,8.0
3719A,昌都会议中心,2026,4,23,21,33.0,0.3,4.0,103.0,21.0,8.0,5.0
2692A,新区政务中心,2026,4,23,21,34.0,0.3,11.0,107.0,29.0,18.0,6.0
3613A,亚心广场,2026,4,23,21,51.0,0.4,14.0,108.0,51.0,18.0,7.0
4164A,财政所,2026,4,23,21,103.0,0.8,38.0,82.0,79.0,63.0,10.0
1120A,客车厂,2026,4,23,21,72.0,0.4,32.0,77.0,72.0,46.0,9.0
1121A,邮电学院,2026,4,23,21,58.0,0.5,20.0,92.0,60.0,36.0,8.0
1122A,劳动公园,2026,4,23,21,56.0,0.5,29.0,85.0,58.0,34.0,9.0
1123A,园林处,2026,4,23,21,57.0,0.5,31.0,78.0,59.0,38.0,10.0
1124A,净月潭,2026,4,23,21,45.0,0.4,12.0,103.0,36.0,31.0,7.0
1126A,经开区环卫处,2026,4,23,21,54.0,0.5,45.0,75.0,55.0,34.0,6.0
1127A,高新区管委会,2026,4,23,21,71.0,0.3,32.0,70.0,79.0,24.0,7.0
1128A,岱山公园,2026,4,23,21,42.0,0.4,28.0,85.0,42.0,27.0,5.0
4281A,北亚泰大街1068号,2026,4,23,21,58.0,0.4,27.0,82.0,37.0,39.0,7.0
1335A,经开区环保局,2026,4,23,21,47.0,0.5,29.0,72.0,47.0,28.0,3.0
1336A,高开区环保局,2026,4,23,21,39.0,0.4,10.0,96.0,39.0,24.0,6.0
1337A,马坡岭,2026,4,23,21,0.0,0.9,34.0,0.0,45.0,32.0,6.0
1338A,湖南师范大学,2026,4,23,21,38.0,0.6,13.0,70.0,38.0,19.0,6.0
1339A,雨花区环保局,2026,4,23,21,46.0,0.6,17.0,83.0,38.0,32.0,5.0
1340A,伍家岭,2026,4,23,21,45.0,0.5,32.0,51.0,44.0,31.0,4.0
1341A,火车新站,2026,4,23,21,46.0,0.4,20.0,79.0,44.0,32.0,5.0
1342A,天心区环保局,2026,4,23,21,50.0,0.5,23.0,81.0,46.0,35.0,6.0
1343A,湖南中医药大学,2026,4,23,21,42.0,0.6,40.0,48.0,42.0,28.0,6.0
1727A,清华站,2026,4,23,21,40.0,0.4,15.0,116.0,40.0,14.0,10.0
1730A,审计局,2026,4,23,21,41.0,0.5,13.0,120.0,41.0,23.0,12.0
1731A,长治八中,2026,4,23,21,55.0,0.5,18.0,114.0,56.0,21.0,13.0
2845A,德盛苑,2026,4,23,21,37.0,0.4,16.0,116.0,35.0,20.0,10.0
3568A,向阳小学,2026,4,23,21,62.0,0.6,18.0,122.0,66.0,21.0,12.0
3569A,屯留一中,2026,4,23,21,47.0,0.6,21.0,104.0,47.0,19.0,10.0
4189A,英华南巷50号,2026,4,23,21,50.0,0.8,11.0,121.0,50.0,23.0,9.0
4190A,学府街1号,2026,4,23,21,39.0,0.6,6.0,119.0,39.0,10.0,5.0
1854A,市二中,2026,4,23,21,50.0,0.7,11.0,94.0,22.0,35.0,8.0
3138A,武陵区永安,2026,4,23,21,40.0,0.6,12.0,96.0,40.0,23.0,7.0
3139A,鼎城区玉霞,2026,4,23,21,49.0,0.6,8.0,99.0,34.0,34.0,8.0
3140A,武陵区长庚,2026,4,23,21,48.0,0.7,8.0,101.0,36.0,33.0,9.0
1196A,市监测站,2026,4,23,21,53.0,0.6,25.0,73.0,53.0,16.0,5.0
1200A,武进监测站,2026,4,23,21,48.0,0.6,45.0,50.0,48.0,18.0,8.0
3002A,行政中心,2026,4,23,21,0.0,0.0,37.0,0.0,70.0,19.0,7.0
3003A,经开区,2026,4,23,21,48.0,0.5,25.0,65.0,48.0,12.0,3.0
3010A,钟楼,2026,4,23,21,40.0,0.1,45.0,66.0,40.0,20.0,8.0
3429A,武进经发区,2026,4,23,21,58.0,0.5,44.0,58.0,60.0,23.0,7.0
3430A,金坛城区,2026,4,23,21,0.0,0.6,20.0,0.0,34.0,19.0,8.0
4089A,崇义南街5-H号,2026,4,23,21,52.0,0.5,44.0,49.0,52.0,16.0,7.0
2220A,西梁,2026,4,23,21,66.0,0.7,21.0,115.0,72.0,38.0,11.0
2221A,河畔小区,2026,4,23,21,50.0,0.8,20.0,128.0,50.0,30.0,11.0
2222A,八里堡,2026,4,23,21,63.0,0.8,21.0,130.0,68.0,35.0,12.0
3026A,市政府,2026,4,23,21,12.0,0.5,4.0,37.0,5.0,4.0,2.0
4036A,金山,2026,4,23,21,10.0,0.4,3.0,30.0,3.0,4.0,2.0
2473A,市职中,2026,4,23,21,26.0,0.7,30.0,7.0,26.0,18.0,5.0
2475A,市审计局,2026,4,23,21,26.0,0.0,16.0,37.0,26.0,16.0,2.0
2476A,市环保局,2026,4,23,21,33.0,0.6,31.0,25.0,33.0,21.0,5.0
4252A,好美居路49号,2026,4,23,21,44.0,0.0,33.0,13.0,44.0,28.0,3.0
1431A,金泉两河,2026,4,23,21,62.0,0.5,29.0,77.0,66.0,24.0,3.0
1432A,十里店,2026,4,23,21,73.0,0.6,24.0,100.0,82.0,26.0,5.0
1433A,三瓦窑,2026,4,23,21,74.0,0.8,32.0,92.0,83.0,27.0,4.0
1434A,沙河铺,2026,4,23,21,52.0,0.4,33.0,80.0,52.0,23.0,3.0
2880A,大石西路,2026,4,23,21,63.0,0.5,30.0,78.0,68.0,36.0,4.0
3136A,龙泉驿区区政府,2026,4,23,21,44.0,0.5,12.0,96.0,44.0,22.0,8.0
3357A,金博路,2026,4,23,21,60.0,0.6,50.0,64.0,64.0,27.0,5.0
3359A,华阳,2026,4,23,21,0.0,0.5,28.0,0.0,51.0,23.0,5.0
3488A,青石路225号,2026,4,23,21,39.0,0.6,22.0,103.0,39.0,21.0,8.0
3489A,科学城,2026,4,23,21,43.0,0.6,18.0,99.0,43.0,24.0,6.0
4011A,光华大道三段,2026,4,23,21,68.0,0.6,23.0,82.0,74.0,32.0,4.0
4144A,八角井街185号,2026,4,23,21,50.0,0.5,10.0,98.0,50.0,15.0,6.0
4224A,鲸龙路1057号,2026,4,23,21,45.0,0.5,22.0,104.0,45.0,8.0,7.0
1062A,铁路,2026,4,23,21,70.0,0.4,19.0,140.0,78.0,38.0,4.0
1063A,中国银行,2026,4,23,21,68.0,0.5,17.0,130.0,74.0,41.0,3.0
4073A,杏林街1号,2026,4,23,21,66.0,0.4,10.0,152.0,66.0,43.0,4.0
4274A,滨河大街98号,2026,4,23,21,58.0,0.3,15.0,111.0,61.0,39.0,22.0
2314A,池州学院,2026,4,23,21,25.0,0.9,24.0,63.0,25.0,14.0,3.0
3237A,展览馆,2026,4,23,21,20.0,0.4,20.0,64.0,16.0,9.0,2.0
3333A,第八中学,2026,4,23,21,20.0,0.4,25.0,55.0,18.0,14.0,4.0
3334A,第十二中学,2026,4,23,21,23.0,0.5,21.0,72.0,11.0,8.0,3.0
1744A,松山一中,2026,4,23,21,53.0,0.6,16.0,123.0,53.0,28.0,6.0
1745A,哈达街,2026,4,23,21,61.0,0.7,10.0,106.0,65.0,31.0,8.0
1746A,天义路,2026,4,23,21,76.0,0.5,16.0,119.0,53.0,48.0,7.0
3058A,银河街,2026,4,23,21,63.0,0.8,15.0,115.0,68.0,34.0,15.0
3286A,桥北物流园区,2026,4,23,21,62.0,0.5,30.0,93.0,59.0,41.0,4.0
2521A,市环保局江州分局,2026,4,23,21,20.0,0.6,11.0,62.0,20.0,10.0,2.0
4256A,石景林东路7号,2026,4,23,21,0.0,0.5,12.0,0.0,60.0,10.0,4.0
3207A,市政府原办公楼,2026,4,23,21,51.0,0.5,28.0,66.0,51.0,27.0,5.0
3331A,图书馆,2026,4,23,21,0.0,0.5,26.0,0.0,0.0,10.0,9.0
4101A,银山路666号,2026,4,23,21,37.0,0.3,16.0,71.0,37.0,11.0,5.0
4102A,黄山路555号,2026,4,23,21,58.0,0.7,27.0,65.0,60.0,19.0,6.0
2606A,市经济开发区,2026,4,23,21,64.0,0.7,12.0,128.0,61.0,42.0,2.0
4153A,团结路562号,2026,4,23,21,0.0,0.4,7.0,0.0,43.0,41.0,4.0
2549A,市环境监测站,2026,4,23,21,,,,,,,
2550A,凤凰小区,2026,4,23,21,79.0,1.0,90.0,7.0,90.0,47.0,6.0
2551A,达县机关宾馆,2026,4,23,21,62.0,0.5,83.0,4.0,66.0,31.0,4.0
2552A,市政中心,2026,4,23,21,55.0,0.8,79.0,22.0,57.0,26.0,6.0
2614A,大理市环境监测站,2026,4,23,21,50.0,0.5,10.0,112.0,41.0,35.0,4.0
2615A,大理古城,2026,4,23,21,46.0,0.5,6.0,114.0,46.0,28.0,3.0
1109A,甘井子,2026,4,23,21,39.0,0.7,29.0,95.0,39.0,22.0,8.0
1110A,周水子,2026,4,23,21,48.0,0.6,51.0,61.0,48.0,30.0,7.0
1111A,星海三站,2026,4,23,21,35.0,0.5,23.0,91.0,35.0,20.0,4.0
1112A,青泥洼桥,2026,4,23,21,38.0,0.2,12.0,119.0,17.0,15.0,4.0
1113A,傅家庄,2026,4,23,21,36.0,0.4,9.0,114.0,20.0,7.0,7.0
1114A,七贤岭,2026,4,23,21,31.0,0.5,17.0,97.0,31.0,15.0,5.0
1116A,金州,2026,4,23,21,40.0,0.4,29.0,94.0,40.0,20.0,8.0
1117A,开发区,2026,4,23,21,0.0,0.5,0.0,77.0,44.0,23.0,8.0
1118A,双D港,2026,4,23,21,35.0,0.6,46.0,54.0,35.0,22.0,5.0
4082A,旅顺,2026,4,23,21,34.0,0.4,28.0,86.0,34.0,20.0,6.0
1789A,大同区,2026,4,23,21,37.0,0.5,13.0,76.0,37.0,23.0,2.0
1790A,龙凤区,2026,4,23,21,42.0,0.2,8.0,69.0,42.0,28.0,4.0
1791A,红岗区,2026,4,23,21,32.0,0.5,7.0,66.0,32.0,21.0,12.0
1792A,萨尔图区,2026,4,23,21,31.0,0.3,8.0,75.0,31.0,21.0,6.0
1793A,让胡路区,2026,4,23,21,33.0,0.3,14.0,69.0,33.0,21.0,1.0
3481A,萨区政府监测点,2026,4,23,21,0.0,0.3,2.0,0.0,0.0,0.0,8.0
1723A,云冈宾馆,2026,4,23,21,99.0,0.7,55.0,56.0,118.0,37.0,9.0
1724A,大同大学,2026,4,23,21,64.0,0.6,52.0,60.0,65.0,42.0,4.0
1725A,安家小村,2026,4,23,21,78.0,0.3,25.0,90.0,88.0,27.0,8.0
3282A,大同市卫生学校,2026,4,23,21,91.0,0.7,53.0,51.0,107.0,46.0,5.0
3565A,云冈站,2026,4,23,21,80.0,0.3,32.0,53.0,92.0,27.0,8.0
3566A,图书馆,2026,4,23,21,74.0,0.7,11.0,58.0,83.0,28.0,4.0
3567A,区一中,2026,4,23,21,78.0,0.9,22.0,75.0,88.0,39.0,2.0
4199A,魏都大道141号,2026,4,23,21,112.0,0.6,73.0,31.0,127.0,73.0,15.0
2269A,科技局,2026,4,23,21,23.0,0.2,3.0,70.0,23.0,10.0,5.0
3663A,红旗社区,2026,4,23,21,25.0,0.2,8.0,80.0,12.0,10.0,11.0
1600A,江湾东路,2026,4,23,21,65.0,0.7,50.0,53.0,71.0,35.0,6.0
1601A,临江后街,2026,4,23,21,89.0,1.2,26.0,64.0,104.0,45.0,16.0
1602A,元宝山,2026,4,23,21,40.0,0.4,14.0,105.0,40.0,17.0,8.0
1603A,民主桥,2026,4,23,21,69.0,0.8,25.0,86.0,76.0,35.0,11.0
3541A,第一中学子站,2026,4,23,21,53.0,0.6,10.0,40.0,53.0,33.0,4.0
3542A,东坡学校子站,2026,4,23,21,50.0,0.7,10.0,42.0,50.0,35.0,2.0
2616A,德宏州监测站,2026,4,23,21,82.0,0.8,27.0,53.0,53.0,51.0,5.0
3677A,芒市人民政府综合楼,2026,4,23,21,84.0,1.3,17.0,59.0,80.0,52.0,2.0
1901A,东山公园,2026,4,23,21,59.0,0.5,12.0,130.0,62.0,34.0,4.0
1902A,西小区,2026,4,23,21,67.0,0.7,35.0,102.0,73.0,35.0,4.0
1904A,耐火材料厂,2026,4,23,21,70.0,0.5,47.0,106.0,77.0,38.0,2.0
4145A,市林业局,2026,4,23,21,60.0,0.5,42.0,97.0,64.0,36.0,2.0
1622A,儿童乐园,2026,4,23,21,62.0,0.5,17.0,105.0,66.0,24.0,7.0
1624A,监理站,2026,4,23,21,63.0,0.4,19.0,100.0,68.0,20.0,9.0
3066A,九衢泉纯净水厂,2026,4,23,21,55.0,0.6,26.0,97.0,56.0,17.0,19.0
3371A,开发区人民医院,2026,4,23,21,63.0,0.7,17.0,106.0,68.0,30.0,9.0
3511A,陵城艺术中心,2026,4,23,21,55.0,0.5,17.0,107.0,56.0,25.0,9.0
4292A,新河东路,2026,4,23,21,53.0,0.6,16.0,101.0,53.0,19.0,8.0
2621A,迪庆州站,2026,4,23,21,29.0,0.4,13.0,92.0,26.0,7.0,7.0
3180A,质量技术监督局,2026,4,23,21,32.0,0.4,9.0,100.0,30.0,15.0,8.0
4257A,将台街,2026,4,23,21,78.0,0.1,11.0,111.0,88.0,42.0,3.0
4309A,正龙路62号,2026,4,23,21,83.0,0.3,6.0,118.0,96.0,43.0,2.0
4071A,交通局,2026,4,23,21,63.0,0.4,19.0,90.0,68.0,22.0,7.0
4072A,第五中学,2026,4,23,21,70.0,0.3,19.0,85.0,78.0,28.0,3.0
1390A,东城石井,2026,4,23,21,11.0,0.7,19.0,21.0,11.0,7.0,5.0
1391A,南城西平,2026,4,23,21,15.0,0.6,24.0,14.0,15.0,9.0,6.0
3319A,万江金泰,2026,4,23,21,15.0,0.7,17.0,21.0,15.0,7.0,6.0
4129A,裕兴路,2026,4,23,21,9.0,0.7,9.0,26.0,6.0,1.0,5.0
4130A,教育路1号,2026,4,23,21,13.0,0.6,22.0,26.0,13.0,7.0,7.0
4131A,长怡路1号,2026,4,23,21,0.0,0.7,18.0,0.0,11.0,2.0,6.0
1666A,市环保局,2026,4,23,21,46.0,0.3,19.0,112.0,44.0,32.0,8.0
3036A,开发区管委会,2026,4,23,21,55.0,0.5,33.0,101.0,56.0,27.0,8.0
3365A,垦利区民丰路,2026,4,23,21,58.0,0.7,55.0,66.0,61.0,24.0,13.0
3498A,河口城区,2026,4,23,21,63.0,1.0,22.0,121.0,68.0,25.0,10.0
3646A,胜利站,2026,4,23,21,92.0,1.0,48.0,112.0,81.0,56.0,9.0
3734A,理想之城,2026,4,23,21,0.0,0.0,49.0,54.0,66.0,25.0,7.0
1591A,综合楼,2026,4,23,21,78.0,0.4,30.0,91.0,88.0,33.0,13.0
1592A,巴音孟克林场办事处,2026,4,23,21,79.0,0.3,30.0,93.0,90.0,35.0,6.0
1593A,康泽苑,2026,4,23,21,79.0,0.4,19.0,92.0,90.0,35.0,7.0
1594A,华泰汽车城,2026,4,23,21,80.0,0.5,42.0,64.0,92.0,32.0,6.0
1595A,奥林花园,2026,4,23,21,84.0,0.2,51.0,56.0,97.0,26.0,4.0
2436A,市政府,2026,4,23,21,22.0,0.4,27.0,42.0,22.0,10.0,8.0
2437A,赵家坝,2026,4,23,21,0.0,0.0,0.0,0.0,36.0,7.0,0.0
3654A,精准医疗中心,2026,4,23,21,19.0,0.6,8.0,60.0,19.0,7.0,4.0
2454A,湖北民院,2026,4,23,21,39.0,0.4,25.0,44.0,27.0,27.0,8.0
3549A,龙凤新区,2026,4,23,21,23.0,0.4,14.0,35.0,23.0,6.0,7.0
2499A,沙万,2026,4,23,21,27.0,1.2,18.0,45.0,27.0,15.0,7.0
2500A,防城档案局,2026,4,23,21,22.0,0.6,11.0,47.0,22.0,11.0,6.0
2501A,大海花园,2026,4,23,21,25.0,1.2,22.0,42.0,23.0,17.0,12.0
1371A,湾梁,2026,4,23,21,18.0,0.0,22.0,32.0,14.0,12.0,0.0
1372A,华材职中,2026,4,23,21,17.0,0.5,26.0,34.0,17.0,10.0,4.0
1373A,南海气象局,2026,4,23,21,15.0,0.0,26.0,27.0,15.0,10.0,0.0
1374A,顺德苏岗,2026,4,23,21,19.0,0.7,32.0,14.0,19.0,12.0,0.0
1376A,高明孔堂,2026,4,23,21,16.0,0.0,20.0,41.0,16.0,6.0,0.0
1377A,三水监测站,2026,4,23,21,13.0,0.5,21.0,39.0,7.0,6.0,4.0
1378A,三水云东海,2026,4,23,21,27.0,0.0,17.0,21.0,27.0,8.0,0.0
3625A,容桂街道办,2026,4,23,21,25.0,0.0,34.0,15.0,12.0,17.0,0.0
1282A,师大,2026,4,23,21,15.0,0.5,19.0,47.0,11.0,1.0,3.0
1283A,五四北路,2026,4,23,21,15.0,0.5,20.0,46.0,6.0,0.0,4.0
1284A,杨桥西路,2026,4,23,21,15.0,0.0,20.0,45.0,9.0,0.0,3.0
3048A,九龙,2026,4,23,21,22.0,0.4,9.0,69.0,7.0,0.0,5.0
3526A,吴航,2026,4,23,21,23.0,0.4,10.0,73.0,2.0,2.0,5.0
4104A,路通桥巷6号,2026,4,23,21,13.0,0.0,21.0,40.0,8.0,7.0,0.0
1755A,望花区,2026,4,23,21,82.0,0.7,36.0,88.0,94.0,41.0,21.0
1756A,顺城区,2026,4,23,21,66.0,0.7,25.0,101.0,72.0,37.0,19.0
1757A,东洲区,2026,4,23,21,68.0,1.4,19.0,108.0,74.0,36.0,15.0
1758A,新抚区,2026,4,23,21,73.0,0.6,21.0,107.0,82.0,37.0,15.0
1759A,大伙房水库,2026,4,23,21,68.0,0.7,19.0,112.0,74.0,34.0,14.0
1760A,沈抚新城,2026,4,23,21,68.0,0.7,28.0,100.0,74.0,33.0,12.0
2377A,市站,2026,4,23,21,24.0,0.6,11.0,76.0,18.0,2.0,1.0
2378A,血防站,2026,4,23,21,28.0,0.7,8.0,85.0,28.0,13.0,7.0
2379A,采茶剧团,2026,4,23,21,26.0,0.8,10.0,81.0,24.0,11.0,14.0
2380A,医学分院,2026,4,23,21,27.0,0.8,7.0,85.0,23.0,13.0,5.0
2207A,工业园区,2026,4,23,21,64.0,0.6,20.0,108.0,69.0,33.0,15.0
2208A,长青街,2026,4,23,21,56.0,0.7,19.0,117.0,58.0,34.0,13.0
2209A,农业园区,2026,4,23,21,68.0,0.6,18.0,122.0,75.0,38.0,11.0
2211A,玉龙新城,2026,4,23,21,67.0,0.7,20.0,116.0,73.0,33.0,14.0
2301A,市监测站,2026,4,23,21,39.0,0.3,32.0,52.0,39.0,13.0,5.0
2303A,开发区,2026,4,23,21,75.0,0.6,30.0,68.0,85.0,35.0,4.0
2875A,阜阳职业技术学院,2026,4,23,21,43.0,0.4,20.0,76.0,43.0,19.0,6.0
3468A,市规划展馆,2026,4,23,21,0.0,0.4,34.0,0.0,34.0,16.0,7.0
3469A,枣园社区,2026,4,23,21,37.0,0.3,22.0,71.0,37.0,11.0,6.0
2669A,州政府,2026,4,23,21,86.0,0.3,10.0,94.0,93.0,53.0,4.0
3380A,甘肃民族师范学院,2026,4,23,21,82.0,0.3,18.0,96.0,94.0,51.0,1.0
2570A,水桥子,2026,4,23,21,31.0,0.3,21.0,48.0,31.0,14.0,6.0
3065A,州环保局,2026,4,23,21,27.0,0.3,12.0,58.0,27.0,17.0,4.0
2363A,地委,2026,4,23,21,23.0,0.9,4.0,68.0,23.0,12.0,2.0
2364A,气象台,2026,4,23,21,34.0,0.8,14.0,60.0,34.0,14.0,6.0
2365A,市图书馆,2026,4,23,21,0.0,0.8,11.0,0.0,20.0,11.0,4.0
2366A,华坚鞋城,2026,4,23,21,36.0,0.4,10.0,66.0,36.0,8.0,6.0
3109A,赣县区卫计委,2026,4,23,21,22.0,1.0,5.0,68.0,15.0,10.0,4.0
2684A,监测站,2026,4,23,21,56.0,0.3,15.0,103.0,58.0,27.0,6.0
2685A,新区,2026,4,23,21,54.0,0.5,13.0,105.0,55.0,19.0,5.0
2544A,市委,2026,4,23,21,33.0,0.4,20.0,93.0,33.0,20.0,7.0
2545A,友谊中学,2026,4,23,21,40.0,0.7,26.0,62.0,40.0,23.0,7.0
2547A,广电花园,2026,4,23,21,29.0,0.4,20.0,78.0,24.0,20.0,6.0
2902A,北辰小学,2026,4,23,21,0.0,0.4,21.0,67.0,50.0,23.0,0.0
2524A,老城,2026,4,23,21,60.0,0.6,59.0,24.0,64.0,23.0,1.0
2526A,监测站,2026,4,23,21,44.0,0.5,19.0,73.0,44.0,13.0,2.0
3617A,经开区,2026,4,23,21,46.0,0.5,24.0,65.0,46.0,24.0,3.0
1345A,广雅中学,2026,4,23,21,23.0,0.7,31.0,19.0,23.0,13.0,2.0
1346A,市五中,2026,4,23,21,22.0,0.0,32.0,25.0,18.0,15.0,4.0
1348A,广东商学院,2026,4,23,21,20.0,0.9,29.0,18.0,20.0,11.0,4.0
1349A,市八十六中,2026,4,23,21,16.0,0.0,28.0,14.0,15.0,11.0,5.0
1350A,番禺中学,2026,4,23,21,24.0,0.7,35.0,15.0,24.0,12.0,4.0
1351A,花都师范,2026,4,23,21,14.0,0.8,14.0,42.0,14.0,6.0,6.0
1352A,市监测站,2026,4,23,21,0.0,0.0,30.0,0.0,22.0,0.0,2.0
1353A,九龙镇镇龙,2026,4,23,21,17.0,0.6,18.0,19.0,17.0,10.0,6.0
1354A,麓湖,2026,4,23,21,0.0,0.8,0.0,11.0,17.0,8.0,4.0
2846A,体育西,2026,4,23,21,23.0,0.8,32.0,20.0,23.0,16.0,5.0
3298A,从化街口,2026,4,23,21,13.0,0.6,9.0,29.0,13.0,8.0,7.0
3299A,白云竹料,2026,4,23,21,17.0,0.7,10.0,37.0,17.0,10.0,4.0
3300A,白云嘉禾,2026,4,23,21,18.0,0.0,26.0,24.0,18.0,10.0,6.0
3301A,黄埔科学城,2026,4,23,21,18.0,0.8,16.0,25.0,17.0,12.0,4.0
3302A,番禺大学城,2026,4,23,21,58.0,0.7,32.0,18.0,61.0,14.0,5.0
3303A,南沙黄阁,2026,4,23,21,21.0,0.0,29.0,12.0,21.0,14.0,6.0
3304A,南沙街,2026,4,23,21,23.0,0.7,44.0,11.0,17.0,16.0,7.0
3443A,花都梯面,2026,4,23,21,12.0,0.0,10.0,37.0,8.0,6.0,7.0
3445A,从化良口,2026,4,23,21,14.0,0.0,9.0,42.0,4.0,2.0,5.0
3446A,增城荔城,2026,4,23,21,0.0,0.7,9.0,29.0,0.0,2.0,5.0
2506A,江南子站,2026,4,23,21,58.0,0.7,24.0,26.0,61.0,19.0,13.0
2508A,荷城子站,2026,4,23,21,30.0,0.7,15.0,38.0,24.0,21.0,10.0
3405A,新世纪学校,2026,4,23,21,40.0,0.7,16.0,33.0,29.0,28.0,0.0
4260A,中山路155-3号,2026,4,23,21,0.0,0.7,22.0,0.0,44.0,17.0,0.0
1439A,马鞍山,2026,4,23,21,24.0,0.0,13.0,41.0,24.0,16.0,4.0
1441A,鉴湖路,2026,4,23,21,41.0,0.5,14.0,79.0,41.0,22.0,6.0
1442A,燕子冲,2026,4,23,21,41.0,0.6,11.0,71.0,41.0,19.0,4.0
1443A,碧云窝,2026,4,23,21,39.0,0.0,11.0,77.0,39.0,10.0,6.0
1445A,红边门,2026,4,23,21,31.0,0.0,15.0,71.0,31.0,10.0,5.0
1446A,新华路,2026,4,23,21,39.0,0.2,12.0,72.0,39.0,16.0,14.0
1447A,太慈桥,2026,4,23,21,36.0,0.0,16.0,66.0,36.0,20.0,4.0
4230A,花果园大街66号,2026,4,23,21,32.0,0.0,14.0,68.0,17.0,22.0,3.0
4231A,漓江路57号,2026,4,23,21,23.0,0.6,17.0,72.0,22.0,10.0,6.0
1864A,龙隐路小学,2026,4,23,21,24.0,0.4,9.0,74.0,14.0,12.0,4.0
1865A,八中,2026,4,23,21,20.0,0.5,16.0,61.0,13.0,9.0,5.0
3531A,旅游学院,2026,4,23,21,26.0,0.6,9.0,81.0,25.0,10.0,6.0
4222A,环湖路276号,2026,4,23,21,25.0,0.4,7.0,77.0,19.0,13.0,6.0
4301A,信义路13号,2026,4,23,21,29.0,0.6,13.0,75.0,4.0,20.0,5.0
2674A,玛沁县大武镇,2026,4,23,21,53.0,0.3,1.0,120.0,53.0,22.0,14.0
1130A,松北商大,2026,4,23,21,35.0,0.6,9.0,75.0,32.0,24.0,6.0
1132A,南岗学府路,2026,4,23,21,39.0,0.6,18.0,69.0,39.0,21.0,2.0
1133A,太平宏伟公园,2026,4,23,21,55.0,0.4,28.0,52.0,56.0,24.0,6.0
1134A,道外承德广场,2026,4,23,21,55.0,0.1,22.0,61.0,56.0,25.0,6.0
1136A,动力和平路,2026,4,23,21,36.0,0.4,22.0,65.0,30.0,25.0,6.0
1137A,道里建国路,2026,4,23,21,45.0,0.9,16.0,70.0,31.0,31.0,1.0
1138A,平房东轻厂,2026,4,23,21,53.0,0.5,35.0,52.0,53.0,31.0,11.0
1139A,呼兰师专,2026,4,23,21,60.0,0.4,32.0,41.0,63.0,40.0,7.0
1140A,省农科院,2026,4,23,21,43.0,0.3,14.0,67.0,28.0,30.0,6.0
4282A,华山路1号,2026,4,23,21,44.0,0.4,18.0,64.0,44.0,29.0,1.0
4283A,解放大街52号,2026,4,23,21,63.0,0.6,29.0,60.0,67.0,27.0,3.0
2688A,地区监测站,2026,4,23,21,61.0,0.5,21.0,103.0,65.0,29.0,12.0
2689A,哈密师范学校,2026,4,23,21,57.0,0.0,22.0,88.0,59.0,30.0,8.0
2671A,海晏县西海镇,2026,4,23,21,68.0,0.1,1.0,110.0,75.0,41.0,6.0
3867A,平安区公安局北苑,2026,4,23,21,78.0,0.5,8.0,112.0,89.0,48.0,8.0
4163A,滨河路,2026,4,23,21,78.0,0.6,28.0,79.0,88.0,39.0,7.0
1410A,海南大学,2026,4,23,21,66.0,0.7,14.0,44.0,68.0,43.0,8.0
1411A,秀英海南医院,2026,4,23,21,0.0,0.5,13.0,44.0,68.0,48.0,0.0
1412A,海南师范大学,2026,4,23,21,65.0,0.7,13.0,46.0,71.0,42.0,8.0
1413A,龙华路环保局宿舍,2026,4,23,21,61.0,1.1,15.0,45.0,65.0,40.0,0.0
3539A,桂林洋子站,2026,4,23,21,49.0,0.0,9.0,49.0,49.0,30.0,0.0
4134A,长滨二路9号,2026,4,23,21,68.0,0.0,12.0,48.0,53.0,44.0,0.0
2673A,共和县恰卜恰镇,2026,4,23,21,80.0,0.3,5.0,121.0,91.0,40.0,7.0
2676A,德令哈市,2026,4,23,21,49.0,0.3,1.0,156.0,43.0,15.0,16.0
1049A,矿院,2026,4,23,21,49.0,0.2,8.0,112.0,49.0,26.0,3.0
1050A,丛台公园,2026,4,23,21,36.0,0.3,6.0,113.0,36.0,25.0,2.0
3458A,香泉濮院小区,2026,4,23,21,39.0,0.3,10.0,88.0,39.0,22.0,3.0
3580A,峰峰矿区临水派出所,2026,4,23,21,46.0,0.2,17.0,118.0,46.0,24.0,3.0
4068A,建安街268号,2026,4,23,21,36.0,0.2,6.0,109.0,36.0,16.0,3.0
4069A,丛台东路558号,2026,4,23,21,38.0,0.3,16.0,93.0,38.0,24.0,2.0
2635A,市监测站,2026,4,23,21,46.0,0.8,29.0,52.0,46.0,19.0,4.0
2636A,鑫源开发区,2026,4,23,21,29.0,0.4,19.0,66.0,28.0,20.0,4.0
2637A,南郑大河坎水厂,2026,4,23,21,47.0,0.4,31.0,46.0,47.0,29.0,5.0
1223A,滨江,2026,4,23,21,41.0,0.5,22.0,71.0,41.0,18.0,8.0
1224A,西溪,2026,4,23,21,31.0,0.6,26.0,46.0,31.0,14.0,4.0
1226A,下沙,2026,4,23,21,52.0,0.7,40.0,46.0,52.0,25.0,8.0
1227A,卧龙桥,2026,4,23,21,28.0,0.5,20.0,30.0,28.0,14.0,8.0
1228A,浙江农大,2026,4,23,21,42.0,0.3,51.0,49.0,42.0,21.0,8.0
1230A,和睦小学,2026,4,23,21,35.0,0.5,40.0,57.0,35.0,16.0,6.0
1231A,临平镇,2026,4,23,21,40.0,0.4,35.0,72.0,40.0,18.0,6.0
1232A,城厢镇,2026,4,23,21,38.0,0.4,29.0,62.0,38.0,20.0,6.0
1233A,云栖,2026,4,23,21,33.0,0.6,21.0,47.0,33.0,14.0,7.0
3557A,镇二中,2026,4,23,21,48.0,0.4,31.0,66.0,48.0,16.0,5.0
3558A,市府大楼,2026,4,23,21,22.0,0.5,19.0,70.0,16.0,10.0,6.0
3656A,消防大队,2026,4,23,21,42.0,0.5,31.0,56.0,42.0,22.0,5.0
1270A,明珠广场,2026,4,23,21,41.0,0.5,46.0,27.0,41.0,13.0,6.0
1271A,三里街,2026,4,23,21,46.0,0.6,61.0,27.0,46.0,16.0,6.0
1272A,琥珀山庄,2026,4,23,21,44.0,1.2,38.0,17.0,44.0,23.0,7.0
1275A,庐阳区,2026,4,23,21,56.0,0.7,54.0,34.0,58.0,20.0,6.0
1276A,瑶海区,2026,4,23,21,44.0,0.6,38.0,57.0,44.0,16.0,6.0
1277A,包河区,2026,4,23,21,39.0,0.5,76.0,15.0,39.0,15.0,10.0
1278A,滨湖新区,2026,4,23,21,0.0,0.5,65.0,0.0,44.0,24.0,5.0
1279A,高新区,2026,4,23,21,29.0,0.5,19.0,55.0,29.0,9.0,5.0
3464A,高教基地,2026,4,23,21,27.0,0.5,34.0,32.0,27.0,13.0,6.0
4098A,中国科学技术大学,2026,4,23,21,0.0,0.0,26.0,0.0,44.0,19.0,6.0
3614A,地区环保局,2026,4,23,21,159.0,0.5,16.0,86.0,268.0,71.0,3.0
3615A,市环保局,2026,4,23,21,141.0,0.6,12.0,90.0,226.0,73.0,3.0
2517A,市环保站,2026,4,23,21,14.0,0.6,2.0,44.0,9.0,9.0,8.0
4302A,上任中路54号,2026,4,23,21,11.0,0.7,12.0,35.0,8.0,5.0,8.0
1697A,东埔,2026,4,23,21,18.0,0.4,9.0,55.0,11.0,9.0,6.0
1698A,老城,2026,4,23,21,17.0,0.5,7.0,54.0,9.0,10.0,6.0
3374A,定陶老年大学,2026,4,23,21,44.0,0.2,14.0,91.0,44.0,8.0,6.0
4114A,黄河路600号,2026,4,23,21,38.0,0.3,15.0,95.0,38.0,4.0,3.0
4115A,菏泽市人社局,2026,4,23,21,35.0,0.2,12.0,97.0,35.0,5.0,6.0
4184A,永昌路1号,2026,4,23,21,34.0,0.1,10.0,106.0,25.0,5.0,4.0
4193A,长城路999号,2026,4,23,21,34.0,0.2,12.0,108.0,31.0,4.0,7.0
2514A,环保小区,2026,4,23,21,42.0,0.4,17.0,62.0,42.0,11.0,6.0
2515A,政协大楼,2026,4,23,21,22.0,0.4,18.0,56.0,19.0,15.0,10.0
3534A,西湾,2026,4,23,21,22.0,0.5,11.0,63.0,22.0,8.0,8.0
2385A,市监测站,2026,4,23,21,43.0,0.4,8.0,110.0,41.0,30.0,4.0
2386A,市交警支队,2026,4,23,21,53.0,0.4,12.0,83.0,53.0,14.0,4.0
2387A,迎宾馆,2026,4,23,21,40.0,0.3,14.0,87.0,40.0,28.0,6.0
3474A,大新区,2026,4,23,21,42.0,0.4,18.0,74.0,42.0,26.0,3.0
3596A,南山宾馆,2026,4,23,21,50.0,0.6,14.0,110.0,50.0,31.0,6.0
2244A,哈啤分公司,2026,4,23,21,37.0,0.3,14.0,48.0,37.0,11.0,9.0
2245A,斯达机电,2026,4,23,21,26.0,0.3,16.0,45.0,26.0,4.0,10.0
2246A,东山纸板厂,2026,4,23,21,90.0,0.4,13.0,43.0,106.0,9.0,7.0
2263A,交通局,2026,4,23,21,26.0,0.3,11.0,58.0,26.0,18.0,5.0
2264A,环保局,2026,4,23,21,20.0,0.4,7.0,61.0,15.0,10.0,8.0
1074A,电机北厂,2026,4,23,21,47.0,0.2,13.0,109.0,47.0,25.0,7.0
1075A,市监测站,2026,4,23,21,66.0,0.3,16.0,96.0,72.0,23.0,6.0
3188A,市城管局,2026,4,23,21,0.0,0.3,11.0,0.0,40.0,26.0,5.0
3459A,地表水厂,2026,4,23,21,55.0,0.2,21.0,86.0,56.0,22.0,4.0
2457A,衡阳化工总厂,2026,4,23,21,39.0,0.6,21.0,73.0,34.0,27.0,5.0
2458A,珠晖区环保局,2026,4,23,21,52.0,0.8,73.0,20.0,45.0,36.0,8.0
2459A,市委党校,2026,4,23,21,46.0,0.7,17.0,72.0,26.0,32.0,10.0
2460A,市监测站,2026,4,23,21,68.0,1.2,44.0,26.0,75.0,41.0,8.0
2461A,真空机电公司,2026,4,23,21,43.0,0.8,45.0,50.0,43.0,30.0,7.0
3399A,师范学院,2026,4,23,21,33.0,0.7,18.0,51.0,30.0,23.0,7.0
3038A,州图书馆,2026,4,23,21,66.0,0.5,7.0,100.0,61.0,43.0,4.0
4154A,蒙自市朝阳路,2026,4,23,21,68.0,0.5,7.0,101.0,49.0,44.0,5.0
1090A,呼市一监,2026,4,23,21,120.0,0.5,35.0,85.0,171.0,66.0,7.0
1094A,如意水处理厂,2026,4,23,21,160.0,0.5,41.0,89.0,270.0,49.0,9.0
1095A,二十九中,2026,4,23,21,103.0,0.4,18.0,106.0,127.0,48.0,10.0
1097A,化肥厂生活区,2026,4,23,21,116.0,0.5,47.0,83.0,160.0,69.0,10.0
3699A,海东办,2026,4,23,21,108.0,0.4,51.0,73.0,139.0,50.0,8.0
4275A,成吉思汗西街8号,2026,4,23,21,122.0,0.6,100.0,29.0,175.0,51.0,8.0
4276A,公园东路75号,2026,4,23,21,109.0,0.4,29.0,99.0,141.0,59.0,6.0
4277A,金海路35号,2026,4,23,21,114.0,0.7,64.0,44.0,156.0,60.0,8.0
3061A,国华电力东,2026,4,23,21,33.0,0.3,7.0,91.0,33.0,14.0,4.0
4279A,伊敏大街东7号,2026,4,23,21,0.0,0.0,6.0,90.0,32.0,9.0,6.0
1250A,城西水厂,2026,4,23,21,42.0,0.5,52.0,52.0,42.0,18.0,6.0
2873A,仁皇山新区,2026,4,23,21,33.0,0.5,26.0,75.0,33.0,14.0,5.0
2907A,吴兴区站,2026,4,23,21,31.0,0.3,21.0,89.0,31.0,14.0,6.0
3562A,南浔区站,2026,4,23,21,30.0,0.6,18.0,87.0,30.0,17.0,6.0
1607A,龙港区,2026,4,23,21,40.0,0.5,12.0,127.0,38.0,24.0,10.0
1608A,化工街,2026,4,23,21,51.0,0.5,22.0,112.0,51.0,30.0,13.0
1609A,新区,2026,4,23,21,41.0,0.5,17.0,118.0,41.0,28.0,10.0
1610A,东城区,2026,4,23,21,52.0,0.5,20.0,120.0,27.0,36.0,11.0
2483A,河西地税局,2026,4,23,21,0.0,0.0,28.0,0.0,59.0,19.0,7.0
2484A,市四医院,2026,4,23,21,35.0,0.4,13.0,45.0,32.0,24.0,4.0
2485A,监测楼,2026,4,23,21,,,,,,,
1210A,钵池山,2026,4,23,21,58.0,0.6,30.0,68.0,61.0,24.0,8.0
1211A,北京南路,2026,4,23,21,62.0,0.7,38.0,55.0,66.0,24.0,8.0
1212A,市监测站,2026,4,23,21,55.0,0.7,53.0,49.0,56.0,23.0,6.0
1213A,楚州区监测站,2026,4,23,21,46.0,0.5,20.0,89.0,46.0,24.0,6.0
3426A,新华书店,2026,4,23,21,0.0,0.4,18.0,0.0,49.0,15.0,7.0
4092A,枚皋中路89号,2026,4,23,21,50.0,0.5,25.0,65.0,50.0,22.0,6.0
4206A,承德北路606号,2026,4,23,21,62.0,0.6,41.0,56.0,66.0,20.0,8.0
2282A,监测站,2026,4,23,21,33.0,0.3,15.0,99.0,33.0,9.0,7.0
2283A,烈山区政府,2026,4,23,21,55.0,0.4,27.0,72.0,56.0,8.0,8.0
4017A,市博物馆,2026,4,23,21,39.0,0.3,12.0,96.0,39.0,8.0,6.0
4100A,杜集区第一实验学校,2026,4,23,21,43.0,0.3,13.0,90.0,43.0,6.0,8.0
2277A,潘集区政府,2026,4,23,21,36.0,0.3,19.0,79.0,36.0,22.0,6.0
2279A,谢家集区政府,2026,4,23,21,0.0,0.2,0.0,75.0,27.0,10.0,8.0
2280A,八公山区政府,2026,4,23,21,29.0,0.2,13.0,77.0,29.0,8.0,6.0
2894A,经济技术开发区消防队,2026,4,23,21,34.0,0.2,18.0,72.0,34.0,12.0,6.0
3329A,山南新区,2026,4,23,21,28.0,0.2,17.0,88.0,22.0,11.0,7.0
4209A,国庆中路369号,2026,4,23,21,38.0,0.3,13.0,82.0,38.0,15.0,5.0
2446A,职工中心,2026,4,23,21,15.0,0.4,11.0,46.0,15.0,5.0,6.0
2929A,红卫路,2026,4,23,21,17.0,0.2,10.0,52.0,13.0,5.0,5.0
3398A,市林业局,2026,4,23,21,19.0,0.4,8.0,59.0,13.0,9.0,5.0
2672A,同仁县隆务镇,2026,4,23,21,77.0,0.2,2.0,125.0,87.0,40.0,11.0
2295A,延安路89号,2026,4,23,21,12.0,0.3,8.0,36.0,7.0,3.0,4.0
2297A,黄山区政府5号楼,2026,4,23,21,21.0,0.2,6.0,66.0,9.0,1.0,4.0
4210A,滨江东路7-2号,2026,4,23,21,45.0,0.0,17.0,35.0,45.0,12.0,0.0
2423A,沈家营,2026,4,23,21,36.0,0.6,12.0,53.0,36.0,16.0,4.0
2426A,铁山,2026,4,23,21,46.0,0.5,19.0,38.0,46.0,23.0,7.0
2427A,团城山,2026,4,23,21,37.0,0.8,15.0,48.0,37.0,22.0,5.0
3149A,笔架山北路,2026,4,23,21,55.0,0.9,14.0,37.0,56.0,19.0,8.0
4185A,磁湖东路29号,2026,4,23,21,0.0,0.5,20.0,0.0,45.0,25.0,3.0
1392A,河南岸金山湖子站,2026,4,23,21,15.0,0.5,13.0,48.0,5.0,2.0,7.0
1393A,下埔横江三路子站,2026,4,23,21,16.0,0.7,8.0,51.0,6.0,4.0,5.0
1395A,惠阳区承修路船湖子站,2026,4,23,21,12.0,0.4,10.0,37.0,9.0,4.0,6.0
1396A,大亚湾管委会子站,2026,4,23,21,12.0,0.4,8.0,36.0,8.0,4.0,4.0
3314A,惠阳秋长,2026,4,23,21,0.0,0.0,10.0,0.0,0.0,4.0,0.0
3452A,大亚湾霞涌,2026,4,23,21,13.0,0.0,7.0,39.0,5.0,4.0,0.0
4300A,文华一路1号,2026,4,23,21,16.0,0.0,9.0,50.0,6.0,4.0,0.0
2240A,环保局,2026,4,23,21,28.0,0.3,21.0,41.0,23.0,19.0,8.0
2243A,第一中学,2026,4,23,21,33.0,0.4,18.0,47.0,26.0,23.0,6.0
3707A,欧美日汽修厂,2026,4,23,21,76.0,1.1,41.0,16.0,86.0,42.0,13.0
2367A,红声器材厂,2026,4,23,21,28.0,0.6,14.0,78.0,28.0,11.0,12.0
2369A,市环境监测站,2026,4,23,21,27.0,0.0,12.0,71.0,27.0,11.0,24.0
2370A,青原区法院,2026,4,23,21,28.0,0.8,16.0,67.0,28.0,14.0,8.0
1772A,哈达湾,2026,4,23,21,124.0,0.5,28.0,96.0,86.0,86.0,12.0
1773A,东局子,2026,4,23,21,121.0,1.0,36.0,57.0,154.0,83.0,12.0
1774A,电力学院,2026,4,23,21,110.0,0.9,32.0,98.0,107.0,71.0,11.0
1775A,江北,2026,4,23,21,108.0,0.9,27.0,0.0,123.0,68.0,15.0
1776A,江南公园,2026,4,23,21,206.0,1.1,56.0,78.0,239.0,156.0,19.0
2868A,九站,2026,4,23,21,122.0,0.7,39.0,82.0,118.0,84.0,15.0
1299A,科干所,2026,4,23,21,51.0,0.6,17.0,119.0,51.0,8.0,7.0
1300A,农科所,2026,4,23,21,37.0,0.3,14.0,110.0,37.0,5.0,6.0
1301A,开发区,2026,4,23,21,46.0,0.4,11.0,128.0,46.0,11.0,6.0
1303A,省种子仓库,2026,4,23,21,51.0,0.4,13.0,124.0,51.0,12.0,5.0
1304A,机床二厂,2026,4,23,21,46.0,0.3,13.0,120.0,46.0,12.0,6.0
1305A,市监测站,2026,4,23,21,44.0,0.5,12.0,122.0,44.0,11.0,4.0
1306A,长清党校,2026,4,23,21,49.0,0.5,14.0,110.0,49.0,4.0,8.0
1961A,东山小学,2026,4,23,21,49.0,0.3,15.0,124.0,49.0,16.0,4.0
3059A,泰兴公司,2026,4,23,21,55.0,0.4,39.0,82.0,56.0,11.0,8.0
3064A,莱芜战役纪念馆,2026,4,23,21,41.0,0.2,17.0,110.0,41.0,9.0,6.0
3494A,济阳区政府,2026,4,23,21,60.0,0.5,27.0,97.0,63.0,10.0,6.0
3495A,锦屏中学,2026,4,23,21,42.0,0.3,10.0,112.0,42.0,12.0,6.0
4108A,山财大街5号,2026,4,23,21,51.0,0.9,23.0,102.0,51.0,15.0,6.0
4109A,无影山路12号,2026,4,23,21,41.0,0.4,14.0,111.0,41.0,8.0,5.0
1653A,火炬城,2026,4,23,21,34.0,0.4,12.0,91.0,34.0,5.0,3.0
3500A,北湖一中,2026,4,23,21,33.0,0.3,17.0,103.0,28.0,4.0,6.0
3501A,服务中心,2026,4,23,21,51.0,0.5,18.0,89.0,51.0,14.0,3.0
3678A,市第七中学,2026,4,23,21,33.0,0.2,16.0,104.0,29.0,3.0,4.0
4111A,任和路,2026,4,23,21,43.0,0.3,12.0,103.0,43.0,6.0,6.0
4112A,文体南路1号,2026,4,23,21,46.0,0.4,17.0,94.0,46.0,6.0,2.0
4122A,市委党校,2026,4,23,21,0.0,0.5,0.0,60.0,96.0,35.0,7.0
4123A,沁园中路1号,2026,4,23,21,70.0,0.6,40.0,57.0,77.0,31.0,4.0
2255A,佳纺,2026,4,23,21,54.0,0.6,55.0,8.0,53.0,37.0,4.0
2257A,环保局,2026,4,23,21,28.0,0.3,29.0,40.0,27.0,19.0,3.0
4285A,顺和街,2026,4,23,21,32.0,0.3,26.0,41.0,19.0,22.0,3.0
4286A,长安路196号,2026,4,23,21,20.0,0.3,13.0,51.0,19.0,14.0,2.0
1252A,清河小学,2026,4,23,21,44.0,0.6,27.0,76.0,44.0,18.0,6.0
1253A,嘉兴学院,2026,4,23,21,34.0,0.5,26.0,80.0,34.0,16.0,6.0
2872A,南湖区残联,2026,4,23,21,43.0,0.5,22.0,91.0,43.0,19.0,5.0
3407A,秀洲住建,2026,4,23,21,40.0,0.6,26.0,82.0,40.0,14.0,7.0
1945A,气象局,2026,4,23,21,68.0,0.4,2.0,121.0,75.0,31.0,8.0
2884A,酒钢宾馆,2026,4,23,21,79.0,0.4,2.0,119.0,90.0,19.0,12.0
3248A,雄关区,2026,4,23,21,71.0,0.4,4.0,122.0,79.0,26.0,7.0
1383A,北街,2026,4,23,21,22.0,0.0,37.0,23.0,22.0,15.0,0.0
1384A,西区,2026,4,23,21,24.0,0.0,33.0,22.0,24.0,15.0,0.0
1385A,圭峰西,2026,4,23,21,18.0,0.0,22.0,35.0,13.0,12.0,0.0
1386A,东湖,2026,4,23,21,25.0,0.5,27.0,20.0,24.0,17.0,7.0
3311A,江海富民,2026,4,23,21,22.0,0.6,35.0,22.0,17.0,15.0,0.0
3449A,新会银湖,2026,4,23,21,23.0,0.6,32.0,25.0,17.0,16.0,7.0
3335A,马村街道办,2026,4,23,21,49.0,0.1,9.0,104.0,49.0,19.0,8.0
3336A,焦作技师学院,2026,4,23,21,53.0,0.6,12.0,103.0,53.0,22.0,8.0
3477A,中站许衡医院,2026,4,23,21,45.0,0.5,26.0,78.0,45.0,26.0,9.0
3981A,原李万街道办,2026,4,23,21,53.0,0.3,17.0,89.0,54.0,22.0,7.0
4264A,新安路1731号,2026,4,23,21,53.0,0.3,11.0,106.0,54.0,16.0,9.0
4295A,人民路3066号,2026,4,23,21,60.0,0.3,14.0,87.0,63.0,18.0,4.0
1708A,新兴,2026,4,23,21,0.0,0.7,10.0,0.0,12.0,0.0,5.0
1709A,西马,2026,4,23,21,11.0,0.8,9.0,35.0,6.0,2.0,5.0
1710A,东兴,2026,4,23,21,9.0,0.0,12.0,27.0,4.0,4.0,3.0
1711A,渔湖,2026,4,23,21,0.0,0.0,11.0,0.0,4.0,2.0,2.0
3320A,曲溪,2026,4,23,21,7.0,0.6,14.0,22.0,6.0,3.0,9.0
1944A,天庆家园,2026,4,23,21,263.0,0.3,3.0,114.0,188.0,213.0,5.0
4022A,金川区人防中心,2026,4,23,21,127.0,0.3,5.0,111.0,188.0,64.0,5.0
4239A,长春路96号,2026,4,23,21,120.0,0.4,2.0,112.0,170.0,81.0,6.0
1262A,十五中,2026,4,23,21,27.0,0.7,32.0,44.0,27.0,15.0,2.0
1263A,监测站,2026,4,23,21,18.0,0.6,36.0,56.0,18.0,9.0,3.0
3659A,气象局,2026,4,23,21,21.0,0.4,34.0,34.0,21.0,11.0,3.0
1767A,南山,2026,4,23,21,46.0,0.5,18.0,127.0,37.0,32.0,13.0
1768A,开发区,2026,4,23,21,62.0,0.4,23.0,117.0,57.0,41.0,7.0
1769A,百股街道,2026,4,23,21,56.0,0.5,18.0,121.0,38.0,38.0,7.0
1770A,天安街道,2026,4,23,21,53.0,0.5,19.0,121.0,53.0,36.0,9.0
1771A,北湖公园,2026,4,23,21,49.0,0.5,17.0,122.0,49.0,34.0,11.0
2160A,自来水公司,2026,4,23,21,55.0,0.2,25.0,121.0,56.0,18.0,6.0
2162A,市环保局,2026,4,23,21,51.0,0.3,15.0,110.0,51.0,21.0,6.0
3620A,泽州一中,2026,4,23,21,41.0,0.4,15.0,119.0,41.0,10.0,7.0
4078A,前书院路,2026,4,23,21,43.0,1.0,19.0,111.0,43.0,17.0,10.0
4079A,祥云街666号,2026,4,23,21,39.0,0.4,8.0,123.0,30.0,25.0,9.0
2174A,榆次区政府,2026,4,23,21,78.0,0.7,21.0,108.0,88.0,33.0,6.0
2865A,榆次三中,2026,4,23,21,86.0,0.7,21.0,102.0,100.0,27.0,7.0
4080A,广安街188号,2026,4,23,21,70.0,0.1,20.0,112.0,78.0,27.0,6.0
4200A,迎宾街26号,2026,4,23,21,110.0,0.9,22.0,110.0,144.0,34.0,7.0
2439A,竹园小学,2026,4,23,21,41.0,0.4,22.0,73.0,41.0,23.0,1.0
2440A,掇刀,2026,4,23,21,42.0,0.5,15.0,74.0,42.0,27.0,16.0
3012A,西山林语,2026,4,23,21,31.0,0.5,12.0,73.0,31.0,17.0,5.0
3547A,龙泉中学南校,2026,4,23,21,49.0,0.4,16.0,83.0,49.0,26.0,8.0
4124A,新台西路6号,2026,4,23,21,36.0,0.6,14.0,72.0,36.0,23.0,8.0
1844A,市图书馆,2026,4,23,21,0.0,0.4,15.0,0.0,36.0,16.0,14.0
1845A,市委党校,2026,4,23,21,35.0,0.4,18.0,65.0,32.0,24.0,8.0
3194A,管委会,2026,4,23,21,29.0,0.4,14.0,74.0,29.0,16.0,20.0
4268A,学苑路85号,2026,4,23,21,30.0,0.5,16.0,70.0,28.0,21.0,14.0
2343A,老干部活动中心,2026,4,23,21,23.0,0.6,8.0,43.0,10.0,16.0,4.0
2344A,兽医站,2026,4,23,21,26.0,0.6,21.0,37.0,26.0,11.0,4.0
2346A,陶研所,2026,4,23,21,38.0,0.8,21.0,35.0,30.0,26.0,11.0
4289A,青少年活动中心,2026,4,23,21,30.0,0.0,11.0,43.0,16.0,21.0,6.0
1803A,十里,2026,4,23,21,47.0,0.9,25.0,50.0,47.0,20.0,6.0
1804A,茅山头,2026,4,23,21,34.0,0.6,24.0,49.0,34.0,17.0,4.0
1805A,西园,2026,4,23,21,24.0,0.6,24.0,64.0,24.0,11.0,4.0
1808A,综合工业园,2026,4,23,21,42.0,0.8,58.0,31.0,40.0,29.0,7.0
3190A,外国语学校,2026,4,23,21,26.0,0.8,25.0,47.0,26.0,15.0,10.0
4253A,莲花大道8号,2026,4,23,21,44.0,0.7,18.0,37.0,44.0,25.0,5.0
4240A,玉门东路5号,2026,4,23,21,94.0,0.2,3.0,101.0,85.0,57.0,6.0
4241A,北大街108号,2026,4,23,21,0.0,0.2,4.0,0.0,75.0,30.0,6.0
2698A,巡警大队,2026,4,23,21,155.0,0.2,23.0,98.0,260.0,105.0,4.0
2699A,吾办,2026,4,23,21,154.0,0.5,20.0,98.0,258.0,108.0,3.0
4027A,老干局,2026,4,23,21,150.0,0.4,14.0,92.0,250.0,94.0,2.0
1824A,肿瘤医院,2026,4,23,21,35.0,0.6,15.0,80.0,33.0,24.0,6.0
1826A,世纪星幼儿园,2026,4,23,21,43.0,0.6,14.0,80.0,43.0,29.0,6.0
3147A,龙亭公园,2026,4,23,21,32.0,0.4,18.0,88.0,27.0,22.0,6.0
3210A,汴京公园,2026,4,23,21,40.0,0.4,16.0,79.0,40.0,21.0,4.0
3473A,技师学院,2026,4,23,21,33.0,0.4,14.0,94.0,33.0,20.0,4.0
3592A,祥符区生态环境局,2026,4,23,21,35.0,0.6,25.0,74.0,30.0,24.0,7.0
1951A,长征新村,2026,4,23,21,36.0,0.6,16.0,113.0,36.0,22.0,9.0
1952A,南林小区,2026,4,23,21,57.0,0.2,25.0,75.0,59.0,15.0,3.0
1954A,独山子区,2026,4,23,21,51.0,0.5,14.0,118.0,51.0,15.0,6.0
1955A,乌尔禾区商贸楼,2026,4,23,21,65.0,0.2,12.0,121.0,70.0,22.0,5.0
3612A,白碱滩区新站,2026,4,23,21,58.0,0.3,18.0,119.0,60.0,20.0,9.0
2697A,市人民政府,2026,4,23,21,132.0,0.1,11.0,104.0,203.0,69.0,4.0
3665A,克州文化中心,2026,4,23,21,105.0,0.0,3.0,107.0,131.0,44.0,3.0
1450A,呈贡新区,2026,4,23,21,48.0,0.3,15.0,130.0,32.0,33.0,4.0
1452A,龙泉镇,2026,4,23,21,0.0,0.8,55.0,35.0,69.0,47.0,0.0
1453A,东风东路,2026,4,23,21,42.0,0.5,17.0,122.0,42.0,24.0,2.0
1454A,金鼎山,2026,4,23,21,48.0,0.7,17.0,116.0,48.0,33.0,4.0
1455A,碧鸡广场,2026,4,23,21,44.0,0.5,30.0,103.0,44.0,29.0,7.0
3179A,官渡区博物馆,2026,4,23,21,54.0,0.7,50.0,69.0,45.0,37.0,4.0
3375A,青年创业园,2026,4,23,21,43.0,0.5,12.0,121.0,43.0,30.0,4.0
3550A,昆明学院,2026,4,23,21,54.0,0.5,34.0,100.0,55.0,30.0,5.0
3551A,晋宁区生态环境分局,2026,4,23,21,49.0,0.4,6.0,134.0,49.0,28.0,4.0
3552A,云天化总部,2026,4,23,21,42.0,0.5,9.0,134.0,36.0,25.0,4.0
1456A,八廓街,2026,4,23,21,47.0,0.5,35.0,68.0,47.0,19.0,6.0
1457A,市环保局,2026,4,23,21,28.0,0.4,22.0,81.0,28.0,12.0,5.0
1458A,区监测站,2026,4,23,21,28.0,0.5,42.0,66.0,28.0,7.0,5.0
1459A,西藏大学,2026,4,23,21,28.0,0.4,40.0,70.0,28.0,12.0,4.0
1460A,区辐射站,2026,4,23,21,25.0,0.3,28.0,77.0,25.0,14.0,5.0
1461A,拉萨火车站,2026,4,23,21,27.0,0.2,25.0,84.0,18.0,10.0,4.0
2520A,来宾技工学校,2026,4,23,21,0.0,0.4,12.0,55.0,16.0,8.0,0.0
3535A,兴宾区政府,2026,4,23,21,24.0,0.5,7.0,67.0,24.0,8.0,8.0
4002A,中南小学,2026,4,23,21,21.0,0.5,15.0,56.0,21.0,7.0,7.0
1479A,铁路设计院,2026,4,23,21,118.0,0.8,57.0,57.0,147.0,79.0,5.0
3241A,百合公园,2026,4,23,21,105.0,0.2,66.0,40.0,133.0,56.0,5.0
3242A,和平,2026,4,23,21,114.0,0.3,15.0,99.0,117.0,75.0,8.0
4236A,庄浪东路808号,2026,4,23,21,106.0,0.3,50.0,55.0,134.0,60.0,7.0
4237A,安宁西路88号,2026,4,23,21,114.0,0.3,47.0,66.0,150.0,75.0,8.0
4238A,北滨河东路1号,2026,4,23,21,109.0,0.8,88.0,21.0,143.0,59.0,8.0
1067A,药材公司,2026,4,23,21,55.0,0.4,14.0,97.0,57.0,24.0,1.0
1068A,开发区,2026,4,23,21,50.0,0.3,10.0,110.0,50.0,24.0,2.0
1070A,北华航天学院,2026,4,23,21,58.0,0.3,12.0,108.0,60.0,18.0,2.0
2919A,河北工业大学,2026,4,23,21,55.0,0.3,13.0,106.0,56.0,23.0,3.0
2536A,牛耳桥,2026,4,23,21,40.0,0.6,33.0,69.0,40.0,21.0,4.0
2537A,市第三水厂,2026,4,23,21,40.0,0.6,32.0,81.0,40.0,15.0,5.0
2538A,市监测站,2026,4,23,21,45.0,0.4,31.0,73.0,45.0,18.0,5.0
3361A,理工大学,2026,4,23,21,34.0,0.4,26.0,79.0,34.0,12.0,7.0
2599A,丽江古城,2026,4,23,21,32.0,0.5,13.0,100.0,29.0,18.0,7.0
2600A,市中心,2026,4,23,21,31.0,0.5,18.0,99.0,18.0,13.0,5.0
1267A,监测站大楼,2026,4,23,21,0.0,0.5,12.0,0.0,11.0,9.0,4.0
1268A,莲都小学,2026,4,23,21,23.0,0.0,12.0,72.0,17.0,8.0,0.0
1269A,余庄前,2026,4,23,21,16.0,0.4,9.0,35.0,16.0,8.0,4.0
1173A,市环境监测站,2026,4,23,21,44.0,0.6,28.0,84.0,44.0,9.0,9.0
3000A,德源药业,2026,4,23,21,78.0,0.7,79.0,34.0,88.0,17.0,6.0
3007A,新城一中,2026,4,23,21,39.0,0.8,30.0,88.0,39.0,12.0,7.0
3008A,胡沟管理处,2026,4,23,21,35.0,0.5,23.0,110.0,19.0,7.0,9.0
3009A,矿山设计院,2026,4,23,21,36.0,0.6,24.0,98.0,36.0,12.0,20.0
3434A,工贸学校,2026,4,23,21,54.0,0.5,14.0,98.0,55.0,15.0,6.0
3664A,连云街道,2026,4,23,21,34.0,0.6,11.0,107.0,32.0,13.0,10.0
2573A,西昌市政府,2026,4,23,21,35.0,0.5,8.0,110.0,22.0,12.0,4.0
2574A,凉山州政府,2026,4,23,21,31.0,0.5,8.0,99.0,22.0,11.0,6.0
4229A,凯乐南路30号,2026,4,23,21,34.0,0.4,10.0,106.0,23.0,10.0,4.0
2212A,宏伟区,2026,4,23,21,68.0,0.8,25.0,88.0,75.0,40.0,10.0
2213A,新华园,2026,4,23,21,65.0,1.3,37.0,92.0,71.0,40.0,24.0
2214A,滨河路,2026,4,23,21,80.0,0.5,32.0,95.0,72.0,50.0,10.0
4083A,铁西路150号,2026,4,23,21,69.0,1.0,28.0,81.0,76.0,37.0,15.0
2227A,环保局,2026,4,23,21,52.0,0.6,29.0,64.0,52.0,33.0,7.0
4085A,安宁大街333号,2026,4,23,21,52.0,0.5,17.0,88.0,52.0,32.0,7.0
1625A,区政府,2026,4,23,21,39.0,0.6,9.0,97.0,39.0,5.0,6.0
3200A,监控中心,2026,4,23,21,48.0,0.4,9.0,110.0,48.0,6.0,7.0
3513A,九州社区,2026,4,23,21,54.0,0.4,20.0,97.0,50.0,37.0,6.0
4018A,星美广场,2026,4,23,21,48.0,0.3,15.0,90.0,48.0,8.0,6.0
4113A,利民路,2026,4,23,21,33.0,0.4,15.0,103.0,31.0,8.0,8.0
2632A,林芝监测站,2026,4,23,21,29.0,0.5,3.0,79.0,29.0,15.0,4.0
2633A,林芝人民医院,2026,4,23,21,32.0,0.4,1.0,87.0,32.0,18.0,4.0
2603A,市环保局,2026,4,23,21,0.0,0.0,12.0,121.0,0.0,0.0,8.0
2604A,市气象局,2026,4,23,21,86.0,0.8,10.0,127.0,97.0,53.0,7.0
1733A,临钢医院,2026,4,23,21,76.0,0.9,39.0,83.0,86.0,31.0,12.0
1734A,技工学校,2026,4,23,21,0.0,0.9,0.0,74.0,96.0,42.0,15.0
1736A,市委,2026,4,23,21,105.0,1.0,35.0,89.0,131.0,32.0,15.0
3018A,唐尧大酒店,2026,4,23,21,67.0,0.8,27.0,102.0,73.0,19.0,12.0
4244A,启星学校,2026,4,23,21,80.0,0.8,52.0,69.0,92.0,41.0,19.0
4271A,滨河东路1号,2026,4,23,21,116.0,0.3,34.0,74.0,161.0,48.0,11.0
4310A,新华街21号,2026,4,23,21,100.0,0.2,4.0,86.0,120.0,46.0,8.0
1618A,沂河小区,2026,4,23,21,55.0,0.3,28.0,90.0,56.0,16.0,14.0
1619A,鲁南制药厂,2026,4,23,21,48.0,0.2,33.0,84.0,48.0,17.0,16.0
1620A,新光毛纺厂,2026,4,23,21,53.0,0.3,38.0,79.0,53.0,16.0,20.0
1621A,河东保险公司,2026,4,23,21,46.0,0.3,24.0,112.0,46.0,17.0,16.0
3370A,十里堡居委,2026,4,23,21,62.0,0.6,41.0,87.0,66.0,23.0,16.0
3496A,南坊新区,2026,4,23,21,58.0,0.2,25.0,102.0,61.0,17.0,15.0
3860A,皇山花园小区,2026,4,23,21,0.0,0.4,0.0,100.0,0.0,0.0,15.0
1870A,柳东小学,2026,4,23,21,20.0,0.7,6.0,63.0,9.0,5.0,5.0
1871A,环保监测站,2026,4,23,21,0.0,0.0,11.0,53.0,0.0,11.0,5.0
1872A,河西水厂,2026,4,23,21,24.0,0.5,9.0,62.0,24.0,10.0,9.0
1873A,市四中,2026,4,23,21,19.0,0.5,14.0,49.0,19.0,10.0,6.0
1874A,市九中,2026,4,23,21,29.0,0.4,12.0,46.0,29.0,11.0,4.0
1875A,古亭山,2026,4,23,21,25.0,0.7,9.0,61.0,25.0,5.0,5.0
3402A,市二中,2026,4,23,21,18.0,0.5,13.0,57.0,10.0,7.0,8.0
2307A,监测大楼,2026,4,23,21,18.0,0.3,23.0,53.0,16.0,12.0,3.0
2308A,皖西学院,2026,4,23,21,23.0,0.3,10.0,73.0,20.0,11.0,4.0
2309A,朝阳厂,2026,4,23,21,19.0,0.2,17.0,59.0,18.0,10.0,5.0
2310A,开发区,2026,4,23,21,19.0,0.3,29.0,58.0,13.0,10.0,4.0
2577A,黄土坡,2026,4,23,21,31.0,0.0,10.0,99.0,27.0,21.0,6.0
2579A,民中,2026,4,23,21,32.0,0.4,11.0,95.0,21.0,22.0,4.0
2580A,双水,2026,4,23,21,32.0,0.2,9.0,96.0,22.0,22.0,4.0
4151A,钟山大道中段564号,2026,4,23,21,31.0,0.2,6.0,97.0,29.0,18.0,2.0
2336A,龙岩市监测站,2026,4,23,21,11.0,0.7,9.0,33.0,3.0,6.0,7.0
2337A,闽西职业技术学院,2026,4,23,21,11.0,0.8,5.0,35.0,5.0,5.0,5.0
2338A,龙岩学院,2026,4,23,21,12.0,0.0,6.0,33.0,12.0,4.0,3.0
2885A,滨江中学,2026,4,23,21,78.0,0.5,8.0,81.0,88.0,30.0,8.0
3247A,市总工会,2026,4,23,21,53.0,0.5,7.0,86.0,54.0,24.0,7.0
2488A,市监测站,2026,4,23,21,35.0,0.5,17.0,74.0,32.0,24.0,9.0
2491A,市政府,2026,4,23,21,34.0,0.4,24.0,50.0,34.0,18.0,4.0
4127A,涟钢职大,2026,4,23,21,56.0,0.6,28.0,52.0,58.0,27.0,6.0
4128A,娄底体校,2026,4,23,21,0.0,0.4,14.0,39.0,37.0,25.0,0.0
1894A,小市上码头,2026,4,23,21,38.0,0.5,16.0,120.0,30.0,15.0,9.0
1895A,兰田宪桥,2026,4,23,21,34.0,0.5,18.0,107.0,28.0,21.0,8.0
1896A,市环监站,2026,4,23,21,36.0,0.8,23.0,113.0,24.0,12.0,10.0
4272A,纳溪中医医院,2026,4,23,21,39.0,0.5,19.0,110.0,39.0,20.0,6.0
2183A,环保局,2026,4,23,21,64.0,0.6,43.0,87.0,69.0,34.0,5.0
2185A,自来水公司,2026,4,23,21,64.0,0.5,18.0,107.0,69.0,42.0,3.0
2867A,马茂庄小学,2026,4,23,21,68.0,0.5,41.0,89.0,74.0,26.0,1.0
1812A,市委党校,2026,4,23,21,32.0,0.5,16.0,101.0,28.0,17.0,8.0
1815A,河南林校,2026,4,23,21,38.0,0.5,18.0,98.0,38.0,13.0,10.0
1816A,开发区管委会,2026,4,23,21,41.0,0.4,14.0,105.0,41.0,27.0,10.0
1817A,市委新办公区,2026,4,23,21,68.0,0.4,14.0,110.0,75.0,20.0,8.0
3340A,伊滨,2026,4,23,21,34.0,0.3,15.0,106.0,31.0,14.0,9.0
3341A,中移产业园,2026,4,23,21,35.0,0.3,12.0,110.0,27.0,16.0,9.0
3593A,吉利监测站,2026,4,23,21,52.0,0.5,44.0,55.0,49.0,36.0,9.0
3635A,河科大西苑校区,2026,4,23,21,34.0,0.5,16.0,108.0,32.0,16.0,15.0
3636A,英才小学,2026,4,23,21,39.0,0.3,16.0,102.0,23.0,27.0,5.0
4214A,春都路1号院,2026,4,23,21,36.0,0.4,16.0,113.0,35.0,20.0,8.0
2399A,三五一五工厂,2026,4,23,21,33.0,0.4,24.0,79.0,26.0,23.0,6.0
2400A,漯河大学,2026,4,23,21,32.0,0.3,25.0,81.0,21.0,22.0,5.0
2401A,市水利局,2026,4,23,21,29.0,0.4,11.0,86.0,29.0,17.0,4.0
2402A,市广电局,2026,4,23,21,43.0,0.3,17.0,86.0,27.0,30.0,4.0
3478A,市图书馆,2026,4,23,21,26.0,0.5,15.0,79.0,26.0,12.0,4.0
4250A,韶山路11号,2026,4,23,21,52.0,0.3,20.0,70.0,52.0,17.0,5.0
1798A,湖东路四小,2026,4,23,21,31.0,0.5,33.0,54.0,31.0,10.0,5.0
1799A,开发区,2026,4,23,21,27.0,0.4,23.0,66.0,27.0,11.0,5.0
3633A,雨山,2026,4,23,21,26.0,0.5,25.0,59.0,26.0,11.0,9.0
4191A,慈湖高新区,2026,4,23,21,33.0,0.6,66.0,17.0,21.0,7.0,5.0
1686A,电白南海,2026,4,23,21,36.0,0.9,14.0,27.0,36.0,22.0,6.0
1687A,茂石化七小,2026,4,23,21,30.0,0.8,14.0,32.0,27.0,21.0,6.0
1688A,健康路,2026,4,23,21,0.0,0.0,13.0,34.0,29.0,16.0,6.0
1689A,高岭,2026,4,23,21,31.0,0.0,12.0,32.0,31.0,16.0,7.0
3450A,电白水东,2026,4,23,21,39.0,0.0,19.0,19.0,34.0,27.0,5.0
2540A,气象局,2026,4,23,21,58.0,0.6,24.0,91.0,61.0,16.0,8.0
3148A,区人社局,2026,4,23,21,70.0,0.9,40.0,78.0,77.0,30.0,12.0
4148A,眉职院,2026,4,23,21,53.0,0.8,19.0,100.0,53.0,22.0,13.0
1690A,梅江月梅,2026,4,23,21,10.0,0.0,14.0,29.0,7.0,4.0,0.0
1691A,梅县新城,2026,4,23,21,12.0,0.6,10.0,38.0,7.0,4.0,8.0
3315A,梅龙,2026,4,23,21,13.0,0.6,8.0,39.0,5.0,3.0,6.0
1878A,富乐山,2026,4,23,21,46.0,0.7,13.0,87.0,46.0,26.0,7.0
1880A,高新区自来水公司,2026,4,23,21,59.0,0.8,47.0,63.0,62.0,32.0,7.0
3491A,西科大附属小学,2026,4,23,21,68.0,0.6,55.0,46.0,75.0,37.0,5.0
3492A,安州区旅游局,2026,4,23,21,73.0,0.4,16.0,90.0,82.0,35.0,7.0
4146A,科技城新区公安局,2026,4,23,21,61.0,0.6,48.0,52.0,65.0,35.0,5.0
4226A,绵阳市气象局,2026,4,23,21,60.0,0.5,52.0,53.0,64.0,29.0,10.0
1784A,环保大楼,2026,4,23,21,44.0,0.3,19.0,67.0,44.0,30.0,4.0
1787A,机车工厂,2026,4,23,21,47.0,0.2,16.0,56.0,47.0,31.0,5.0
1788A,第一中学,2026,4,23,21,46.0,0.2,7.0,73.0,46.0,14.0,3.0
4287A,东晓云街98号,2026,4,23,21,39.0,0.2,7.0,71.0,39.0,16.0,4.0
2531A,市监测站,2026,4,23,21,38.0,0.5,14.0,121.0,28.0,15.0,9.0
2533A,内江二中,2026,4,23,21,49.0,0.3,16.0,121.0,49.0,19.0,8.0
2534A,内江日报社,2026,4,23,21,43.0,0.4,19.0,117.0,43.0,18.0,10.0
4147A,玉峰路西段888号,2026,4,23,21,61.0,0.4,20.0,115.0,65.0,18.0,4.0
2628A,那曲监测站,2026,4,23,21,35.0,1.0,19.0,83.0,26.0,24.0,6.0
4243A,那曲市委宣传部,2026,4,23,21,30.0,0.4,3.0,96.0,24.0,6.0,4.0
1291A,省林业公司,2026,4,23,21,17.0,0.6,11.0,53.0,9.0,9.0,4.0
1292A,林科所,2026,4,23,21,19.0,0.7,16.0,59.0,7.0,10.0,8.0
1294A,建工学校,2026,4,23,21,0.0,0.7,0.0,56.0,0.0,12.0,0.0
1295A,象湖,2026,4,23,21,18.0,0.7,17.0,52.0,9.0,12.0,8.0
3046A,机电学校,2026,4,23,21,25.0,0.5,19.0,53.0,25.0,13.0,4.0
3690A,外国语学校,2026,4,23,21,19.0,0.6,30.0,44.0,16.0,13.0,8.0
4106A,工业二路,2026,4,23,21,25.0,0.5,12.0,52.0,25.0,12.0,5.0
4192A,南京东路235号,2026,4,23,21,29.0,0.5,18.0,45.0,29.0,12.0,7.0
1906A,南充市委,2026,4,23,21,48.0,0.8,70.0,18.0,48.0,30.0,7.0
1907A,南充炼油厂,2026,4,23,21,49.0,0.4,46.0,55.0,49.0,17.0,4.0
4227A,梨树横街98号,2026,4,23,21,48.0,0.5,32.0,65.0,48.0,21.0,6.0
4304A,清泉寺北路188号,2026,4,23,21,36.0,0.4,16.0,91.0,36.0,10.0,6.0
4305A,同庆路1号,2026,4,23,21,35.0,0.6,36.0,54.0,28.0,24.0,7.0
1151A,迈皋桥,2026,4,23,21,35.0,0.3,28.0,42.0,35.0,3.0,5.0
1152A,草场门,2026,4,23,21,41.0,0.4,45.0,55.0,41.0,12.0,3.0
1154A,中华门,2026,4,23,21,44.0,0.5,27.0,65.0,44.0,13.0,9.0
1155A,瑞金路,2026,4,23,21,51.0,0.9,49.0,26.0,51.0,18.0,4.0
1156A,玄武湖,2026,4,23,21,46.0,0.6,41.0,28.0,46.0,13.0,4.0
1157A,浦口,2026,4,23,21,32.0,0.3,13.0,45.0,32.0,4.0,4.0
1158A,奥体中心,2026,4,23,21,44.0,0.4,40.0,41.0,44.0,9.0,7.0
1159A,仙林大学城,2026,4,23,21,48.0,0.6,76.0,5.0,48.0,10.0,8.0
3422A,江宁彩虹桥,2026,4,23,21,0.0,0.5,73.0,0.0,41.0,9.0,0.0
3427A,六合雄州,2026,4,23,21,47.0,0.4,73.0,18.0,47.0,12.0,4.0
4086A,新模范马路66号,2026,4,23,21,46.0,0.6,53.0,43.0,46.0,20.0,4.0
4249A,汶溪路181号,2026,4,23,21,47.0,0.4,33.0,74.0,47.0,9.0,9.0
4312A,中山西路1号,2026,4,23,21,36.0,0.6,35.0,35.0,36.0,5.0,4.0
1401A,二十一中,2026,4,23,21,21.0,0.5,11.0,65.0,6.0,10.0,2.0
1402A,北湖,2026,4,23,21,24.0,0.6,14.0,63.0,24.0,16.0,4.0
1403A,市监测站,2026,4,23,21,21.0,0.5,12.0,66.0,17.0,10.0,3.0
1404A,大自然花园,2026,4,23,21,22.0,0.5,15.0,68.0,13.0,11.0,6.0
1406A,区农职院,2026,4,23,21,18.0,0.5,8.0,56.0,10.0,0.0,2.0
1407A,英华嘉园,2026,4,23,21,23.0,0.5,11.0,73.0,16.0,11.0,4.0
3401A,红星社区,2026,4,23,21,25.0,0.6,12.0,79.0,14.0,17.0,5.0
4132A,起凤路9号,2026,4,23,21,19.0,0.5,10.0,58.0,18.0,11.0,4.0
4221A,乐贤路16号,2026,4,23,21,23.0,0.3,20.0,54.0,23.0,9.0,8.0
2332A,南平市监测站,2026,4,23,21,0.0,0.6,14.0,0.0,18.0,11.0,3.0
2334A,南平七中,2026,4,23,21,17.0,0.6,15.0,18.0,17.0,6.0,2.0
1168A,狼山街道,2026,4,23,21,24.0,0.4,18.0,47.0,24.0,9.0,4.0
1170A,城中,2026,4,23,21,0.0,0.4,36.0,0.0,53.0,31.0,4.0
1171A,星湖花园,2026,4,23,21,30.0,0.4,22.0,54.0,30.0,12.0,4.0
1172A,紫琅学院,2026,4,23,21,40.0,0.7,30.0,63.0,40.0,21.0,6.0
3291A,通州监测站,2026,4,23,21,29.0,0.4,14.0,90.0,29.0,8.0,4.0
3432A,环境教育馆,2026,4,23,21,39.0,0.5,28.0,53.0,39.0,7.0,4.0
4091A,洪江路,2026,4,23,21,39.0,0.8,35.0,54.0,39.0,17.0,5.0
2404A,瓦房庄,2026,4,23,21,37.0,0.5,20.0,81.0,37.0,16.0,4.0
2405A,汉画馆,2026,4,23,21,34.0,0.4,22.0,64.0,34.0,17.0,6.0
2406A,气象站,2026,4,23,21,32.0,0.3,23.0,86.0,32.0,15.0,5.0
2407A,理工学院,2026,4,23,21,53.0,0.5,41.0,58.0,54.0,26.0,6.0
4008A,卧龙区政府,2026,4,23,21,23.0,0.5,22.0,70.0,21.0,16.0,6.0
1234A,区环保大楼,2026,4,23,21,57.0,0.4,47.0,52.0,59.0,20.0,6.0
1235A,万里学院,2026,4,23,21,0.0,0.4,20.0,0.0,38.0,23.0,3.0
1236A,龙赛医院,2026,4,23,21,56.0,0.5,31.0,53.0,58.0,22.0,6.0
1240A,太古小学,2026,4,23,21,0.0,0.4,28.0,0.0,43.0,19.0,4.0
1241A,市环境监测中心,2026,4,23,21,27.0,0.1,29.0,74.0,27.0,18.0,6.0
2871A,万里国际学校,2026,4,23,21,38.0,0.5,51.0,44.0,38.0,25.0,5.0
3710A,白沙活动中心,2026,4,23,21,29.0,0.5,29.0,67.0,24.0,20.0,5.0
4095A,中科路88号,2026,4,23,21,43.0,0.4,24.0,76.0,43.0,16.0,7.0
2341A,宁德市监测站,2026,4,23,21,18.0,0.5,15.0,56.0,0.0,2.0,7.0
3209A,宁德一中,2026,4,23,21,19.0,0.5,11.0,59.0,2.0,3.0,5.0
2618A,州监测站,2026,4,23,21,58.0,0.4,14.0,100.0,54.0,39.0,7.0
2619A,泸水一中,2026,4,23,21,0.0,0.8,70.0,46.0,114.0,60.0,0.0
1888A,弄弄坪,2026,4,23,21,103.0,0.4,6.0,124.0,126.0,14.0,9.0
1889A,河门口,2026,4,23,21,0.0,0.0,8.0,128.0,0.0,22.0,11.0
1891A,仁和,2026,4,23,21,37.0,0.3,7.0,117.0,33.0,10.0,6.0
2835A,四十中小,2026,4,23,21,39.0,0.4,6.0,122.0,39.0,7.0,7.0
1604A,开发区,2026,4,23,21,0.0,0.5,11.0,0.0,31.0,15.0,6.0
1605A,兴隆台,2026,4,23,21,38.0,0.5,20.0,110.0,38.0,17.0,9.0
1606A,新生街道,2026,4,23,21,42.0,0.4,15.0,134.0,20.0,14.0,4.0
1832A,新华旅馆,2026,4,23,21,42.0,0.5,14.0,83.0,42.0,28.0,7.0
1833A,规划设计院,2026,4,23,21,53.0,0.5,20.0,82.0,54.0,31.0,6.0
1834A,平顶山工学院,2026,4,23,21,0.0,0.4,13.0,83.0,42.0,0.0,8.0
3594A,石龙区,2026,4,23,21,52.0,0.5,23.0,71.0,52.0,34.0,7.0
4116A,姚电大道23号,2026,4,23,21,50.0,0.4,21.0,81.0,50.0,28.0,6.0
2656A,聚贤嘉苑,2026,4,23,21,67.0,0.4,10.0,109.0,73.0,26.0,6.0
2657A,博物馆,2026,4,23,21,68.0,0.5,9.0,118.0,74.0,23.0,4.0
2348A,中医院,2026,4,23,21,42.0,0.6,24.0,55.0,33.0,29.0,4.0
2350A,市环保局,2026,4,23,21,41.0,0.8,29.0,59.0,41.0,19.0,6.0
2351A,安源区政府,2026,4,23,21,40.0,0.4,20.0,60.0,40.0,23.0,7.0
4107A,联洪村委会,2026,4,23,21,40.0,0.4,16.0,59.0,40.0,22.0,2.0
2319A,荔城区仓后路,2026,4,23,21,14.0,0.0,10.0,44.0,8.0,0.0,0.0
2320A,莆田市监测站,2026,4,23,21,14.0,0.6,17.0,43.0,9.0,0.0,3.0
2321A,涵江区六中,2026,4,23,21,16.0,0.6,13.0,49.0,3.0,0.0,0.0
2322A,秀屿区政府,2026,4,23,21,20.0,0.9,8.0,63.0,8.0,0.0,3.0
2392A,环保局,2026,4,23,21,30.0,0.5,14.0,94.0,16.0,12.0,3.0
3021A,濮水河管理处,2026,4,23,21,32.0,0.5,16.0,94.0,32.0,15.0,3.0
4118A,中原东路68号,2026,4,23,21,32.0,0.5,10.0,102.0,31.0,13.0,2.0
4216A,任丘路479号,2026,4,23,21,36.0,0.4,17.0,87.0,36.0,18.0,2.0
2601A,市环保局,2026,4,23,21,81.0,0.8,15.0,104.0,93.0,48.0,5.0
2602A,普洱第二中学,2026,4,23,21,103.0,1.0,22.0,94.0,92.0,63.0,7.0
3345A,中波台,2026,4,23,21,20.0,0.2,10.0,61.0,13.0,4.0,3.0
3637A,人民广场,2026,4,23,21,0.0,0.6,21.0,0.0,37.0,19.0,10.0
3684A,新建矿广场,2026,4,23,21,41.0,0.1,18.0,49.0,41.0,20.0,8.0
1779A,安居小区,2026,4,23,21,29.0,0.2,5.0,75.0,29.0,8.0,3.0
1780A,中心广场,2026,4,23,21,24.0,0.3,3.0,76.0,22.0,10.0,5.0
1781A,农牧车辆厂,2026,4,23,21,29.0,0.3,5.0,75.0,29.0,11.0,4.0
1783A,市环境监测站,2026,4,23,21,23.0,0.3,7.0,72.0,17.0,14.0,3.0
3662A,富区青少年活动中心,2026,4,23,21,30.0,0.2,5.0,71.0,30.0,10.0,3.0
2591A,市环境监测站,2026,4,23,21,26.0,0.5,10.0,46.0,26.0,16.0,2.0
2881A,凯里学院,2026,4,23,21,0.0,0.4,22.0,0.0,24.0,10.0,2.0
2593A,小围寨,2026,4,23,21,22.0,0.3,6.0,60.0,22.0,15.0,4.0
3538A,沙坝,2026,4,23,21,36.0,0.6,11.0,43.0,36.0,22.0,4.0
2589A,场坝街,2026,4,23,21,36.0,0.3,5.0,113.0,20.0,9.0,6.0
2590A,坪东大道,2026,4,23,21,34.0,0.2,7.0,108.0,17.0,11.0,3.0
2502A,市环保站,2026,4,23,21,39.0,0.8,13.0,56.0,34.0,27.0,4.0
2503A,沙埠小学,2026,4,23,21,31.0,0.4,18.0,45.0,31.0,20.0,1.0
2504A,港区一小,2026,4,23,21,39.0,0.6,19.0,46.0,39.0,18.0,3.0
3404A,北职校,2026,4,23,21,29.0,0.5,16.0,54.0,29.0,18.0,2.0
1046A,建设大厦,2026,4,23,21,73.0,0.7,16.0,118.0,82.0,31.0,12.0
3132A,文明里,2026,4,23,21,63.0,0.6,26.0,117.0,68.0,27.0,13.0
4066A,南园路157号,2026,4,23,21,51.0,0.4,24.0,115.0,51.0,28.0,9.0
4067A,翠岛大街1号,2026,4,23,21,52.0,0.9,31.0,105.0,52.0,32.0,14.0
4198A,北戴河轮滑馆,2026,4,23,21,56.0,0.4,18.0,119.0,58.0,35.0,8.0
1310A,市南区东部子站,2026,4,23,21,0.0,0.4,0.0,0.0,0.0,18.0,7.0
1311A,四方区子站,2026,4,23,21,41.0,0.6,28.0,118.0,41.0,16.0,6.0
1312A,市南区西部子站,2026,4,23,21,31.0,0.6,47.0,84.0,31.0,17.0,4.0
1313A,崂山区子站,2026,4,23,21,53.0,0.4,40.0,95.0,53.0,21.0,8.0
1315A,城阳区子站,2026,4,23,21,56.0,0.6,30.0,114.0,58.0,24.0,8.0
3642A,市北区南部,2026,4,23,21,42.0,0.5,29.0,107.0,42.0,16.0,4.0
3643A,李沧区北部,2026,4,23,21,58.0,0.6,38.0,107.0,61.0,24.0,10.0
4110A,盟旺路653号,2026,4,23,21,56.0,0.7,22.0,121.0,58.0,24.0,5.0
4290A,珠江路669号,2026,4,23,21,41.0,0.5,16.0,131.0,36.0,15.0,4.0
4291A,黄岛区人民政府广场,2026,4,23,21,53.0,0.7,41.0,68.0,53.0,17.0,8.0
1703A,凤城街办,2026,4,23,21,14.0,0.0,20.0,44.0,12.0,5.0,0.0
3025A,技师学院,2026,4,23,21,16.0,0.7,19.0,50.0,15.0,8.0,7.0
3318A,清新太和,2026,4,23,21,14.0,0.5,20.0,43.0,12.0,5.0,7.0
3455A,清城东城,2026,4,23,21,0.0,0.0,17.0,0.0,14.0,6.0,0.0
2661A,庆阳五中,2026,4,23,21,0.0,0.2,10.0,0.0,95.0,58.0,0.0
2662A,市环保局,2026,4,23,21,43.0,0.3,18.0,119.0,0.0,30.0,5.0
1916A,环境监测站,2026,4,23,21,43.0,0.7,20.0,92.0,43.0,25.0,9.0
1917A,烟厂办公区,2026,4,23,21,0.0,0.0,0.0,91.0,0.0,0.0,10.0
3376A,南苑二区,2026,4,23,21,39.0,0.7,17.0,96.0,35.0,27.0,4.0
3377A,曲靖师范学院,2026,4,23,21,46.0,0.4,14.0,95.0,44.0,32.0,4.0
1264A,环保大楼,2026,4,23,21,15.0,0.0,16.0,47.0,9.0,7.0,0.0
1266A,衢州学院,2026,4,23,21,17.0,0.5,14.0,54.0,8.0,5.0,4.0
4097A,衢州三中,2026,4,23,21,15.0,0.4,16.0,48.0,14.0,9.0,7.0
1611A,涂山街,2026,4,23,21,0.0,0.0,22.0,31.0,9.0,7.0,3.0
1612A,津头埔,2026,4,23,21,15.0,0.7,18.0,35.0,9.0,10.0,2.0
1613A,万安,2026,4,23,21,13.0,0.8,16.0,35.0,13.0,8.0,3.0
4105A,霞新路6号,2026,4,23,21,12.0,0.8,20.0,33.0,11.0,8.0,0.0
2626A,日喀则监测站,2026,4,23,21,27.0,0.4,24.0,84.0,21.0,15.0,6.0
3726A,林业技术推广中心,2026,4,23,21,30.0,0.3,4.0,93.0,16.0,3.0,6.0
1659A,监测站,2026,4,23,21,31.0,0.7,32.0,93.0,31.0,13.0,8.0
1660A,市政府广场,2026,4,23,21,44.0,0.7,40.0,94.0,44.0,19.0,8.0
1661A,港务局,2026,4,23,21,72.0,0.7,72.0,69.0,80.0,17.0,9.0
3507A,职业技术学院,2026,4,23,21,60.0,0.7,49.0,73.0,63.0,22.0,8.0
3604A,岚山环保分局,2026,4,23,21,37.0,0.7,22.0,116.0,31.0,9.0,10.0
1835A,市政府,2026,4,23,21,45.0,0.5,16.0,100.0,45.0,18.0,9.0
1836A,开发区,2026,4,23,21,36.0,0.5,16.0,102.0,23.0,25.0,10.0
3039A,三门峡市第一小学,2026,4,23,21,33.0,0.6,14.0,104.0,27.0,17.0,13.0
3598A,富达温泉假日酒店,2026,4,23,21,0.0,0.2,13.0,91.0,82.0,0.0,12.0
2324A,三钢,2026,4,23,21,25.0,1.3,15.0,31.0,25.0,10.0,12.0
2325A,三明二中,2026,4,23,21,12.0,0.6,9.0,35.0,12.0,6.0,2.0
2326A,三元区政府,2026,4,23,21,14.0,0.8,12.0,26.0,14.0,7.0,8.0
1877A,河西子站,2026,4,23,21,28.0,0.4,4.0,56.0,28.0,17.0,4.0
3540A,君悦子站,2026,4,23,21,29.0,0.6,3.0,55.0,29.0,13.0,4.0
4135A,城东小学站,2026,4,23,21,27.0,0.0,5.0,52.0,27.0,15.0,0.0
2624A,山南监测站,2026,4,23,21,28.0,0.2,18.0,88.0,22.0,8.0,4.0
2625A,山南人民医院,2026,4,23,21,35.0,0.3,20.0,86.0,35.0,7.0,8.0
1674A,金平子站,2026,4,23,21,26.0,1.0,23.0,20.0,26.0,17.0,7.0
1675A,龙湖子站,2026,4,23,21,23.0,0.0,20.0,21.0,18.0,16.0,10.0
1676A,濠江子站,2026,4,23,21,26.0,0.0,24.0,18.0,19.0,18.0,9.0
1677A,澄海子站,2026,4,23,21,14.0,0.8,18.0,28.0,14.0,8.0,10.0
1678A,潮阳子站,2026,4,23,21,18.0,0.7,9.0,37.0,11.0,12.0,6.0
3444A,潮南峡山,2026,4,23,21,0.0,0.7,9.0,0.0,14.0,8.0,8.0
3624A,潮南子站,2026,4,23,21,0.0,0.0,17.0,0.0,15.0,11.0,5.0
1693A,市环保局,2026,4,23,21,15.0,0.8,8.0,35.0,15.0,5.0,4.0
1695A,新城中学,2026,4,23,21,0.0,0.6,9.0,34.0,0.0,4.0,6.0
2645A,监测站,2026,4,23,21,30.0,0.4,28.0,95.0,23.0,11.0,11.0
3045A,商州区中学,2026,4,23,21,0.0,0.4,39.0,60.0,0.0,0.0,5.0
2408A,环境监测站,2026,4,23,21,0.0,0.3,8.0,0.0,31.0,20.0,2.0
2409A,粮食局,2026,4,23,21,75.0,0.3,13.0,92.0,84.0,15.0,4.0
3171A,梁园区档案局,2026,4,23,21,30.0,0.3,11.0,96.0,20.0,16.0,4.0
4119A,北海东路185号,2026,4,23,21,27.0,0.4,15.0,86.0,24.0,12.0,5.0
4120A,中山大街3号,2026,4,23,21,29.0,0.3,15.0,78.0,29.0,20.0,7.0
1141A,普陀,2026,4,23,21,0.0,0.4,34.0,0.0,37.0,19.0,6.0
1142A,十五厂,2026,4,23,21,34.0,0.6,25.0,76.0,34.0,14.0,6.0
1143A,虹口,2026,4,23,21,38.0,0.6,37.0,60.0,38.0,16.0,5.0
1147A,静安监测站,2026,4,23,21,32.0,0.5,30.0,77.0,32.0,12.0,9.0
1148A,浦东川沙,2026,4,23,21,0.0,0.6,42.0,0.0,40.0,16.0,8.0
1149A,浦东新区监测站,2026,4,23,21,35.0,0.5,35.0,66.0,35.0,16.0,7.0
1150A,浦东张江,2026,4,23,21,30.0,0.1,34.0,71.0,30.0,13.0,7.0
3265A,宝山庙行,2026,4,23,21,0.0,0.3,43.0,0.0,37.0,14.0,7.0
3266A,崇明上实东滩,2026,4,23,21,26.0,0.1,6.0,82.0,25.0,13.0,6.0
3268A,嘉定南翔,2026,4,23,21,31.0,0.4,28.0,62.0,31.0,15.0,5.0
3269A,金山新城,2026,4,23,21,45.0,0.5,28.0,58.0,45.0,20.0,5.0
3270A,闵行浦江,2026,4,23,21,35.0,0.2,26.0,77.0,35.0,18.0,6.0
3271A,青浦徐泾,2026,4,23,21,0.0,0.4,47.0,0.0,37.0,16.0,6.0
3272A,松江图书馆,2026,4,23,21,43.0,0.6,25.0,63.0,43.0,17.0,7.0
3273A,长宁仙霞,2026,4,23,21,36.0,0.3,40.0,58.0,36.0,19.0,7.0
3274A,浦东惠南,2026,4,23,21,36.0,0.5,62.0,45.0,36.0,11.0,6.0
3544A,奉贤南桥新城,2026,4,23,21,37.0,0.3,38.0,64.0,37.0,14.0,5.0
4183A,冠生园路458号,2026,4,23,21,32.0,0.4,22.0,73.0,32.0,14.0,9.0
4205A,宁武路151号,2026,4,23,21,32.0,0.4,42.0,68.0,32.0,17.0,7.0
2382A,市监测站,2026,4,23,21,28.0,0.0,10.0,56.0,28.0,10.0,3.0
2383A,凤凰光学,2026,4,23,21,25.0,0.5,15.0,51.0,25.0,7.0,5.0
3685A,双创科技城,2026,4,23,21,22.0,0.5,12.0,54.0,22.0,9.0,6.0
4211A,裕丰大道,2026,4,23,21,33.0,0.7,13.0,55.0,33.0,19.0,24.0
1669A,市八中,2026,4,23,21,22.0,0.4,18.0,33.0,22.0,11.0,11.0
1671A,园林处,2026,4,23,21,18.0,0.0,13.0,38.0,18.0,12.0,10.0
1673A,曲江监测站,2026,4,23,21,25.0,0.6,20.0,25.0,25.0,12.0,30.0
2809A,大学路288号,2026,4,23,21,24.0,0.0,19.0,30.0,24.0,16.0,5.0
3622A,碧湖山庄,2026,4,23,21,18.0,0.5,12.0,44.0,18.0,10.0,5.0
2464A,市化工厂,2026,4,23,21,42.0,0.7,26.0,52.0,40.0,29.0,7.0
2466A,市环保局,2026,4,23,21,38.0,0.7,13.0,79.0,33.0,26.0,5.0
4218A,北塔二期4-26地块,2026,4,23,21,49.0,0.8,31.0,43.0,28.0,34.0,7.0
4219A,邵水西路287号,2026,4,23,21,42.0,0.4,18.0,74.0,28.0,29.0,9.0
1247A,城东开发委,2026,4,23,21,33.0,0.6,21.0,61.0,33.0,19.0,7.0
2921A,树下王站,2026,4,23,21,36.0,0.5,22.0,68.0,30.0,25.0,7.0
3408A,绍兴中专,2026,4,23,21,28.0,0.6,20.0,59.0,28.0,16.0,7.0
3409A,柯桥区政府,2026,4,23,21,41.0,0.6,29.0,63.0,41.0,26.0,6.0
3410A,重华小学,2026,4,23,21,40.0,0.7,30.0,56.0,40.0,24.0,6.0
3411A,上虞中学,2026,4,23,21,43.0,0.4,27.0,60.0,43.0,24.0,6.0
3560A,柯桥妇保,2026,4,23,21,34.0,0.5,25.0,43.0,34.0,23.0,6.0
3658A,袍江中学,2026,4,23,21,39.0,0.3,37.0,53.0,33.0,27.0,5.0
1356A,通心岭子站,2026,4,23,21,21.0,0.7,42.0,6.0,18.0,8.0,2.0
1357A,洪湖,2026,4,23,21,17.0,0.5,33.0,13.0,15.0,8.0,5.0
1358A,华侨城,2026,4,23,21,18.0,0.0,35.0,4.0,10.0,5.0,0.0
1359A,南海子站,2026,4,23,21,18.0,0.9,33.0,2.0,18.0,12.0,4.0
1360A,盐田,2026,4,23,21,0.0,0.6,32.0,11.0,19.0,5.0,0.0
1363A,南澳,2026,4,23,21,17.0,0.0,16.0,31.0,17.0,9.0,0.0
1364A,葵涌,2026,4,23,21,10.0,0.6,12.0,32.0,5.0,0.0,5.0
1365A,梅沙,2026,4,23,21,0.0,0.0,18.0,0.0,11.0,6.0,0.0
1366A,观澜,2026,4,23,21,15.0,0.6,18.0,29.0,15.0,7.0,5.0
3305A,莲花,2026,4,23,21,16.0,0.0,32.0,5.0,13.0,7.0,0.0
3306A,民治,2026,4,23,21,11.0,0.0,21.0,26.0,8.0,4.0,0.0
3307A,横岗,2026,4,23,21,11.0,0.0,17.0,34.0,10.0,7.0,0.0
3447A,坪山,2026,4,23,21,10.0,0.6,18.0,29.0,10.0,5.0,5.0
3623A,西乡,2026,4,23,21,18.0,0.7,36.0,2.0,13.0,5.0,3.0
4220A,黄阁路,2026,4,23,21,10.0,0.8,20.0,30.0,8.0,4.0,5.0
1099A,浑南东路,2026,4,23,21,56.0,0.5,25.0,95.0,58.0,34.0,11.0
1100A,新秀街,2026,4,23,21,61.0,0.6,26.0,90.0,65.0,33.0,8.0
1102A,东陵路,2026,4,23,21,53.0,0.5,17.0,105.0,53.0,29.0,10.0
1103A,陵东街,2026,4,23,21,47.0,0.6,21.0,108.0,47.0,28.0,9.0
1104A,文化路,2026,4,23,21,0.0,0.7,0.0,103.0,0.0,26.0,5.0
1105A,小河沿,2026,4,23,21,55.0,0.5,18.0,101.0,56.0,28.0,3.0
1106A,太原街,2026,4,23,21,73.0,0.3,20.0,104.0,81.0,30.0,6.0
1108A,京沈街,2026,4,23,21,60.0,0.5,30.0,98.0,63.0,21.0,11.0
2897A,沈辽西路,2026,4,23,21,79.0,0.5,28.0,87.0,90.0,33.0,9.0
2900A,裕农路,2026,4,23,21,51.0,0.5,19.0,102.0,51.0,27.0,6.0
2429A,滨河新村,2026,4,23,21,31.0,0.6,16.0,97.0,31.0,16.0,0.0
2430A,刘家沟,2026,4,23,21,36.0,0.0,17.0,85.0,5.0,25.0,0.0
2431A,铁二处,2026,4,23,21,0.0,0.0,14.0,72.0,25.0,19.0,6.0
3545A,郧阳区金沙路,2026,4,23,21,29.0,0.6,17.0,83.0,29.0,20.0,8.0
2709A,艾青诗歌馆,2026,4,23,21,47.0,0.5,16.0,106.0,47.0,24.0,6.0
3442A,南区管委会,2026,4,23,21,42.0,0.7,11.0,122.0,42.0,8.0,5.0
4051A,世纪广场,2026,4,23,21,43.0,0.5,12.0,101.0,43.0,16.0,8.0
4167A,城南景苑小区,2026,4,23,21,43.0,0.3,15.0,108.0,43.0,13.0,9.0
1030A,高新区,2026,4,23,21,49.0,0.3,10.0,90.0,49.0,18.0,5.0
1032A,西南高教,2026,4,23,21,57.0,0.3,18.0,81.0,59.0,23.0,3.0
1033A,世纪公园,2026,4,23,21,64.0,0.3,11.0,78.0,69.0,23.0,3.0
1034A,人民会堂,2026,4,23,21,58.0,0.3,10.0,81.0,60.0,22.0,3.0
3456A,鹿泉一中,2026,4,23,21,78.0,0.4,19.0,81.0,89.0,18.0,2.0
4024A,栾城区星河路,2026,4,23,21,53.0,0.2,15.0,90.0,53.0,13.0,2.0
4059A,裕华西路63号,2026,4,23,21,47.0,0.3,17.0,84.0,47.0,21.0,1.0
4060A,和平路363号,2026,4,23,21,56.0,0.3,11.0,85.0,58.0,31.0,3.0
4061A,廉州西路160号,2026,4,23,21,44.0,0.3,4.0,93.0,44.0,21.0,4.0
4062A,北城路41号,2026,4,23,21,61.0,0.3,6.0,92.0,65.0,17.0,3.0
4314A,矿区区委大楼,2026,4,23,21,62.0,0.3,16.0,97.0,66.0,17.0,7.0
1948A,大武口朝阳西街,2026,4,23,21,102.0,0.3,14.0,99.0,123.0,52.0,7.0
1949A,惠农南大街,2026,4,23,21,103.0,0.6,25.0,82.0,126.0,48.0,9.0
1950A,红果子镇惠新街,2026,4,23,21,127.0,0.4,21.0,83.0,117.0,89.0,9.0
3520A,妇女儿童医院,2026,4,23,21,101.0,0.4,8.0,110.0,122.0,41.0,8.0
3521A,石大公路,2026,4,23,21,102.0,0.7,43.0,64.0,123.0,45.0,7.0
2248A,双合村,2026,4,23,21,18.0,0.3,11.0,50.0,18.0,3.0,3.0
2249A,南小市,2026,4,23,21,24.0,0.9,27.0,27.0,24.0,12.0,8.0
2250A,环保局,2026,4,23,21,39.0,0.3,20.0,38.0,39.0,10.0,8.0
2166A,平朔,2026,4,23,21,88.0,0.1,17.0,86.0,103.0,39.0,4.0
2167A,朔唯,2026,4,23,21,88.0,0.0,16.0,94.0,102.0,35.0,5.0
2168A,区政府,2026,4,23,21,78.0,0.5,20.0,90.0,88.0,38.0,3.0
2169A,市环保局,2026,4,23,21,78.0,0.0,26.0,76.0,89.0,34.0,4.0
2170A,市二中,2026,4,23,21,87.0,0.0,30.0,85.0,101.0,38.0,6.0
3571A,一水厂,2026,4,23,21,81.0,0.4,42.0,75.0,93.0,33.0,5.0
2226A,境园,2026,4,23,21,115.0,0.7,50.0,26.0,110.0,76.0,5.0
3486A,植物园,2026,4,23,21,62.0,0.5,59.0,46.0,54.0,41.0,6.0
3713A,世纪城,2026,4,23,21,80.0,0.5,61.0,47.0,62.0,50.0,6.0
2233A,江南,2026,4,23,21,51.0,0.2,8.0,79.0,51.0,28.0,1.0
2234A,江北,2026,4,23,21,52.0,0.3,11.0,72.0,52.0,29.0,1.0
1163A,轧钢厂,2026,4,23,21,0.0,0.7,69.0,0.0,58.0,21.0,8.0
1164A,吴中区,2026,4,23,21,59.0,0.7,43.0,59.0,62.0,25.0,7.0
1165A,苏州新区,2026,4,23,21,50.0,0.6,35.0,76.0,50.0,23.0,5.0
1166A,苏州工业园区,2026,4,23,21,42.0,0.8,50.0,55.0,42.0,16.0,10.0
1167A,相城区,2026,4,23,21,38.0,0.7,32.0,68.0,38.0,14.0,6.0
3289A,方洲路,2026,4,23,21,32.0,0.8,25.0,72.0,32.0,11.0,8.0
3290A,木渎中学,2026,4,23,21,42.0,0.7,22.0,79.0,42.0,22.0,7.0
3425A,越秀幼儿园,2026,4,23,21,49.0,0.7,34.0,76.0,49.0,26.0,11.0
3431A,高铁新城,2026,4,23,21,50.0,0.7,40.0,62.0,50.0,18.0,8.0
4090A,学森路9号,2026,4,23,21,47.0,0.7,20.0,64.0,47.0,16.0,6.0
1220A,宿迁学院,2026,4,23,21,38.0,0.4,23.0,84.0,38.0,18.0,5.0
1221A,宿迁中学,2026,4,23,21,42.0,0.4,34.0,68.0,42.0,19.0,7.0
2996A,市供电局,2026,4,23,21,41.0,0.5,22.0,94.0,41.0,17.0,6.0
3191A,宿豫区政府,2026,4,23,21,39.0,0.6,26.0,85.0,39.0,16.0,4.0
4094A,春华路,2026,4,23,21,0.0,0.4,28.0,0.0,32.0,12.0,6.0
3187A,远航博物馆,2026,4,23,21,0.0,0.0,0.0,99.0,0.0,0.0,2.0
3463A,社会福利中心,2026,4,23,21,49.0,0.2,38.0,52.0,49.0,24.0,5.0
3701A,皖北煤电集团,2026,4,23,21,49.0,0.3,16.0,84.0,49.0,13.0,4.0
4103A,中兴路,2026,4,23,21,39.0,0.3,23.0,82.0,39.0,13.0,6.0
2266A,人和东街,2026,4,23,21,30.0,0.3,12.0,62.0,30.0,19.0,5.0
2267A,党政办公中心,2026,4,23,21,46.0,0.5,26.0,51.0,37.0,32.0,5.0
2451A,市委党校,2026,4,23,21,36.0,0.3,16.0,75.0,36.0,20.0,1.0
2452A,市林业局,2026,4,23,21,28.0,0.6,7.0,89.0,27.0,14.0,7.0
2453A,市立交桥水厂,2026,4,23,21,29.0,0.5,14.0,76.0,29.0,18.0,2.0
2528A,市监测站,2026,4,23,21,33.0,0.5,20.0,97.0,33.0,11.0,8.0
2530A,美宁食品公司,2026,4,23,21,55.0,0.5,51.0,55.0,56.0,33.0,7.0
4303A,环岛商务中心9号楼,2026,4,23,21,28.0,0.5,31.0,68.0,28.0,12.0,6.0
2706A,东门外小游园,2026,4,23,21,65.0,0.3,8.0,86.0,70.0,26.0,3.0
4165A,文化广场,2026,4,23,21,35.0,0.7,9.0,80.0,31.0,24.0,3.0
1255A,黄岩环保大楼,2026,4,23,21,18.0,0.0,20.0,57.0,18.0,11.0,0.0
1256A,台州环保大楼,2026,4,23,21,20.0,0.4,18.0,63.0,18.0,10.0,0.0
1257A,路桥田洋王,2026,4,23,21,22.0,0.4,16.0,69.0,15.0,12.0,4.0
3564A,台州科技职业学院,2026,4,23,21,21.0,0.4,18.0,65.0,17.0,9.0,4.0
1081A,尖草坪,2026,4,23,21,56.0,0.6,23.0,122.0,57.0,38.0,6.0
1084A,晋源,2026,4,23,21,72.0,0.6,33.0,102.0,80.0,28.0,14.0
1085A,小店,2026,4,23,21,57.0,0.6,25.0,107.0,59.0,26.0,23.0
1087A,坞城,2026,4,23,21,52.0,0.8,27.0,112.0,49.0,36.0,20.0
1088A,南寨,2026,4,23,21,68.0,0.6,17.0,102.0,74.0,34.0,8.0
3618A,金胜,2026,4,23,21,57.0,0.5,18.0,130.0,59.0,29.0,8.0
4010A,育英中学,2026,4,23,21,55.0,0.5,22.0,119.0,57.0,29.0,10.0
4074A,西矿街336号,2026,4,23,21,72.0,0.6,31.0,106.0,80.0,36.0,6.0
4075A,迎宾北路9号,2026,4,23,21,68.0,0.6,20.0,120.0,74.0,31.0,9.0
4076A,迎泽大街248号,2026,4,23,21,70.0,0.5,28.0,116.0,78.0,31.0,10.0
1656A,监测站,2026,4,23,21,48.0,0.2,20.0,112.0,48.0,22.0,7.0
1657A,人口学校,2026,4,23,21,41.0,0.2,13.0,115.0,41.0,8.0,7.0
1658A,电力学校,2026,4,23,21,44.0,0.2,16.0,113.0,44.0,9.0,6.0
3502A,国网新校,2026,4,23,21,46.0,0.4,8.0,115.0,46.0,5.0,7.0
3503A,交通技校,2026,4,23,21,34.0,0.2,9.0,107.0,34.0,8.0,6.0
3504A,山东第一医科大学,2026,4,23,21,44.0,0.4,25.0,93.0,44.0,12.0,4.0
1206A,公园路,2026,4,23,21,41.0,0.5,27.0,65.0,41.0,17.0,8.0
1207A,莲花,2026,4,23,21,42.0,0.4,30.0,59.0,42.0,20.0,10.0
1209A,留学生创业园,2026,4,23,21,46.0,0.5,40.0,42.0,46.0,22.0,9.0
2997A,王营,2026,4,23,21,50.0,0.6,84.0,8.0,50.0,16.0,9.0
3295A,姜堰区政府广场,2026,4,23,21,52.0,0.5,32.0,56.0,52.0,26.0,9.0
3435A,周山河街区,2026,4,23,21,35.0,0.5,24.0,73.0,35.0,19.0,11.0
1040A,十二中,2026,4,23,21,59.0,0.6,11.0,72.0,62.0,37.0,7.0
1041A,小山,2026,4,23,21,58.0,0.5,8.0,64.0,58.0,39.0,7.0
3457A,冀东油田职工医院,2026,4,23,21,77.0,0.9,43.0,81.0,87.0,44.0,19.0
3575A,正泰大街热力站,2026,4,23,21,72.0,0.7,14.0,78.0,80.0,40.0,9.0
3576A,丰润区政府,2026,4,23,21,92.0,0.7,19.0,51.0,94.0,56.0,3.0
3577A,金山小学,2026,4,23,21,83.0,0.6,22.0,75.0,96.0,45.0,7.0
3578A,政府服务中心,2026,4,23,21,62.0,0.5,12.0,62.0,64.0,41.0,4.0
3692A,消防缸窑路中队,2026,4,23,21,60.0,0.6,9.0,88.0,64.0,27.0,6.0
3693A,路南电大,2026,4,23,21,65.0,0.8,7.0,53.0,70.0,41.0,7.0
4065A,光明北路515号,2026,4,23,21,66.0,0.9,13.0,63.0,58.0,43.0,3.0
4197A,友谊北路34号,2026,4,23,21,92.0,0.8,11.0,83.0,81.0,56.0,6.0
1015A,勤俭道,2026,4,23,21,58.0,0.5,21.0,97.0,61.0,32.0,6.0
1018A,前进道,2026,4,23,21,61.0,0.4,20.0,104.0,65.0,33.0,6.0
1019A,淮河道,2026,4,23,21,60.0,0.5,18.0,104.0,63.0,27.0,9.0
1021A,跃进路,2026,4,23,21,78.0,0.4,18.0,104.0,80.0,49.0,7.0
1023A,第四大街,2026,4,23,21,76.0,0.6,119.0,20.0,86.0,46.0,5.0
1024A,永明路,2026,4,23,21,53.0,0.7,33.0,75.0,54.0,29.0,6.0
1026A,汉北路,2026,4,23,21,61.0,0.5,74.0,56.0,65.0,27.0,7.0
2858A,河西一经路,2026,4,23,21,70.0,0.5,33.0,95.0,78.0,39.0,8.0
2859A,津沽路,2026,4,23,21,52.0,0.5,12.0,108.0,52.0,25.0,9.0
2860A,宾水西道,2026,4,23,21,64.0,0.4,19.0,94.0,69.0,33.0,5.0
2922A,大理道,2026,4,23,21,59.0,0.5,21.0,98.0,62.0,30.0,7.0
3020A,中山北路,2026,4,23,21,58.0,0.4,18.0,104.0,61.0,28.0,8.0
3051A,西四道,2026,4,23,21,68.0,0.6,25.0,92.0,75.0,36.0,6.0
3325A,雍阳西道,2026,4,23,21,46.0,0.5,23.0,96.0,46.0,21.0,8.0
3326A,辛老路,2026,4,23,21,60.0,0.3,24.0,91.0,64.0,35.0,8.0
3327A,地纬路,2026,4,23,21,71.0,0.5,32.0,79.0,79.0,44.0,6.0
3460A,北环路,2026,4,23,21,47.0,0.6,24.0,85.0,47.0,23.0,5.0
3461A,建设路,2026,4,23,21,45.0,0.4,19.0,108.0,45.0,22.0,4.0
3462A,滨水东路,2026,4,23,21,72.0,0.5,49.0,85.0,80.0,34.0,10.0
4196A,光华路,2026,4,23,21,64.0,0.4,20.0,97.0,69.0,32.0,6.0
2650A,公园小学,2026,4,23,21,64.0,0.4,19.0,79.0,69.0,33.0,10.0
2651A,麦积国土局,2026,4,23,21,80.0,0.3,16.0,108.0,91.0,32.0,7.0
2217A,水上乐园,2026,4,23,21,40.0,0.3,26.0,93.0,40.0,25.0,9.0
2219A,金沙江路北,2026,4,23,21,55.0,0.4,27.0,97.0,56.0,30.0,17.0
4084A,新华街20号,2026,4,23,21,72.0,0.3,29.0,97.0,80.0,27.0,12.0
2229A,光明,2026,4,23,21,42.0,1.0,31.0,43.0,42.0,23.0,11.0
2230A,铁路,2026,4,23,21,28.0,0.6,15.0,71.0,28.0,13.0,12.0
2191A,艺术职业学校,2026,4,23,21,68.0,0.5,11.0,118.0,75.0,22.0,7.0
3706A,老干部活动中心,2026,4,23,21,63.0,0.5,11.0,111.0,68.0,21.0,6.0
3708A,东方明珠社区,2026,4,23,21,60.0,0.3,12.0,107.0,63.0,22.0,3.0
1923A,王益区政府,2026,4,23,21,41.0,0.4,15.0,66.0,41.0,15.0,4.0
1924A,新区管委会,2026,4,23,21,59.0,0.9,47.0,72.0,62.0,29.0,5.0
4234A,大唐三路,2026,4,23,21,53.0,0.8,32.0,100.0,53.0,24.0,9.0
2285A,市第四中学,2026,4,23,21,23.0,0.4,35.0,57.0,23.0,16.0,5.0
2287A,市新民污水厂,2026,4,23,21,21.0,0.5,20.0,67.0,21.0,14.0,10.0
2289A,车站新区,2026,4,23,21,24.0,0.5,24.0,61.0,24.0,14.0,6.0
2290A,市职教基地,2026,4,23,21,19.0,0.4,14.0,50.0,19.0,12.0,5.0
2585A,铜仁卫校,2026,4,23,21,30.0,0.5,49.0,10.0,30.0,8.0,3.0
2586A,铜仁七中,2026,4,23,21,22.0,0.2,15.0,42.0,22.0,3.0,8.0
2686A,市环保局,2026,4,23,21,70.0,0.7,28.0,93.0,78.0,10.0,6.0
2687A,地区环保局,2026,4,23,21,0.0,0.0,36.0,85.0,0.0,0.0,0.0
1662A,华夏技校,2026,4,23,21,48.0,0.3,66.0,45.0,48.0,23.0,0.0
1663A,山大分校,2026,4,23,21,27.0,0.0,52.0,56.0,27.0,16.0,0.0
1664A,市监测站,2026,4,23,21,0.0,0.3,44.0,54.0,37.0,16.0,0.0
1982A,文登开发区,2026,4,23,21,50.0,0.0,20.0,103.0,50.0,30.0,0.0
3505A,临港区管委会,2026,4,23,21,53.0,0.3,57.0,46.0,53.0,18.0,3.0
1650A,环保局,2026,4,23,21,58.0,0.5,29.0,92.0,61.0,20.0,6.0
2877A,坊子邮政,2026,4,23,21,62.0,0.3,30.0,89.0,66.0,23.0,6.0
3178A,潍坊七中,2026,4,23,21,51.0,0.5,29.0,90.0,51.0,20.0,6.0
3368A,高新实验学校,2026,4,23,21,56.0,0.3,24.0,94.0,58.0,20.0,4.0
3416A,潍坊学院,2026,4,23,21,51.0,0.4,20.0,102.0,51.0,20.0,3.0
3861A,寒亭区实验一小,2026,4,23,21,48.0,0.4,35.0,87.0,48.0,17.0,6.0
1940A,体育馆,2026,4,23,21,60.0,0.5,56.0,66.0,63.0,25.0,7.0
1941A,高新一小,2026,4,23,21,56.0,0.6,24.0,104.0,58.0,25.0,6.0
4159A,桢州大街,2026,4,23,21,60.0,1.0,31.0,81.0,64.0,19.0,7.0
4160A,太史大街,2026,4,23,21,49.0,0.7,40.0,76.0,49.0,18.0,7.0
4235A,渭花路4号,2026,4,23,21,51.0,0.6,27.0,74.0,51.0,22.0,7.0
1242A,瓯海,2026,4,23,21,16.0,0.4,32.0,35.0,15.0,7.0,7.0
1243A,南浦,2026,4,23,21,19.0,0.5,22.0,43.0,19.0,7.0,5.0
1244A,龙湾,2026,4,23,21,14.0,0.6,27.0,41.0,4.0,5.0,5.0
3561A,茶山,2026,4,23,21,22.0,0.0,24.0,42.0,22.0,7.0,0.0
4096A,鹿城惠民路,2026,4,23,21,14.0,0.5,24.0,41.0,14.0,6.0,0.0
2610A,州水务局,2026,4,23,21,53.0,0.5,9.0,73.0,53.0,28.0,4.0
2611A,市便民服务中心,2026,4,23,21,50.0,0.4,9.0,79.0,50.0,34.0,3.0
2187A,市林业局,2026,4,23,21,90.0,0.4,9.0,88.0,105.0,46.0,10.0
2188A,中海勃湾学校,2026,4,23,21,102.0,0.3,22.0,86.0,123.0,46.0,9.0
3284A,海北新区,2026,4,23,21,107.0,0.4,11.0,86.0,138.0,50.0,17.0
4278A,海拉北路,2026,4,23,21,103.0,0.3,12.0,69.0,127.0,43.0,12.0
2197A,集宁新区,2026,4,23,21,0.0,0.6,0.0,116.0,88.0,39.0,5.0
3034A,光明街小学,2026,4,23,21,85.0,0.5,17.0,107.0,98.0,32.0,4.0
3285A,北京八中,2026,4,23,21,74.0,0.6,37.0,80.0,81.0,47.0,9.0
3421A,市委党校,2026,4,23,21,88.0,0.7,46.0,80.0,102.0,37.0,2.0
1490A,监测站,2026,4,23,21,48.0,0.4,28.0,103.0,48.0,11.0,4.0
1491A,收费所,2026,4,23,21,46.0,0.4,29.0,105.0,46.0,4.0,6.0
1493A,铁路局,2026,4,23,21,51.0,0.2,26.0,87.0,51.0,16.0,5.0
1494A,三十一中学,2026,4,23,21,47.0,0.4,15.0,104.0,47.0,13.0,8.0
1496A,米东区环保局,2026,4,23,21,51.0,0.2,2.0,110.0,51.0,18.0,2.0
3033A,培训基地,2026,4,23,21,53.0,0.3,12.0,120.0,53.0,20.0,6.0
3437A,达坂城区环保局,2026,4,23,21,44.0,0.2,7.0,124.0,44.0,20.0,8.0
3438A,红光山片区,2026,4,23,21,76.0,0.2,21.0,102.0,40.0,48.0,5.0
3439A,新师大温泉校区,2026,4,23,21,48.0,0.3,11.0,127.0,48.0,31.0,7.0
3440A,大绿谷,2026,4,23,21,46.0,0.4,20.0,107.0,46.0,32.0,3.0
1188A,雪浪,2026,4,23,21,41.0,0.6,30.0,66.0,41.0,20.0,8.0
1189A,黄巷,2026,4,23,21,69.0,0.6,92.0,8.0,76.0,24.0,5.0
1191A,漆塘,2026,4,23,21,53.0,0.5,26.0,74.0,54.0,20.0,6.0
1192A,东亭,2026,4,23,21,53.0,0.7,53.0,41.0,53.0,19.0,9.0
1193A,旺庄,2026,4,23,21,55.0,0.8,47.0,50.0,57.0,18.0,7.0
1194A,荣巷,2026,4,23,21,39.0,0.4,36.0,42.0,39.0,17.0,4.0
1195A,堰桥,2026,4,23,21,46.0,0.3,34.0,70.0,46.0,15.0,5.0
4087A,清舒道1号,2026,4,23,21,45.0,0.7,35.0,59.0,45.0,19.0,8.0
4254A,健康路105号,2026,4,23,21,55.0,0.8,54.0,42.0,57.0,16.0,3.0
2677A,教育园区,2026,4,23,21,103.0,0.2,7.0,88.0,126.0,53.0,6.0
2679A,新区二泵站,2026,4,23,21,107.0,0.3,20.0,83.0,136.0,48.0,5.0
3648A,文卫南街,2026,4,23,21,106.0,0.3,19.0,87.0,134.0,58.0,3.0
1794A,监测站,2026,4,23,21,27.0,0.5,20.0,85.0,27.0,14.0,6.0
1795A,科创中心,2026,4,23,21,30.0,0.4,26.0,75.0,30.0,17.0,6.0
1796A,四水厂,2026,4,23,21,31.0,0.4,18.0,98.0,22.0,12.0,6.0
3328A,市气象局,2026,4,23,21,26.0,0.3,23.0,81.0,26.0,13.0,5.0
3465A,清苑社区,2026,4,23,21,31.0,0.5,47.0,54.0,31.0,12.0,4.0
3466A,扬子职业技术学院,2026,4,23,21,29.0,0.3,16.0,90.0,22.0,15.0,7.0
4099A,湾沚区人民法院,2026,4,23,21,33.0,0.6,26.0,56.0,26.0,23.0,7.0
2496A,市十一中,2026,4,23,21,10.0,0.2,19.0,25.0,10.0,7.0,9.0
2498A,龙新,2026,4,23,21,16.0,0.3,25.0,6.0,16.0,8.0,4.0
4258A,政贤路18号,2026,4,23,21,13.0,0.1,10.0,27.0,13.0,3.0,6.0
2711A,农水大厦,2026,4,23,21,48.0,0.2,8.0,100.0,48.0,21.0,8.0
3441A,经开区管委会,2026,4,23,21,46.0,0.3,10.0,104.0,46.0,16.0,10.0
4168A,建设西街760号,2026,4,23,21,64.0,0.4,8.0,110.0,69.0,17.0,7.0
1325A,东湖梨园,2026,4,23,21,19.0,0.4,13.0,60.0,13.0,12.0,7.0
1326A,汉阳月湖,2026,4,23,21,22.0,0.5,19.0,42.0,22.0,15.0,2.0
1327A,汉口花桥,2026,4,23,21,25.0,0.4,16.0,52.0,25.0,16.0,3.0
1328A,武昌紫阳,2026,4,23,21,23.0,0.4,17.0,57.0,20.0,16.0,4.0
1329A,青山钢花,2026,4,23,21,19.0,0.4,17.0,51.0,19.0,12.0,1.0
1330A,沌口新区,2026,4,23,21,23.0,0.5,29.0,44.0,22.0,16.0,4.0
1331A,汉口江滩,2026,4,23,21,0.0,0.3,15.0,0.0,19.0,8.0,6.0
1333A,吴家山,2026,4,23,21,23.0,0.3,19.0,51.0,11.0,16.0,10.0
3153A,民族大道182号,2026,4,23,21,23.0,0.7,30.0,55.0,23.0,9.0,6.0
2652A,监测站,2026,4,23,21,120.0,0.4,14.0,88.0,164.0,81.0,10.0
4270A,钟楼街149号,2026,4,23,21,134.0,0.4,11.0,97.0,173.0,97.0,8.0
1463A,兴庆小区,2026,4,23,21,37.0,0.3,25.0,111.0,37.0,18.0,4.0
1464A,纺织城,2026,4,23,21,79.0,0.7,79.0,11.0,90.0,20.0,6.0
1465A,小寨,2026,4,23,21,48.0,0.5,26.0,98.0,48.0,15.0,6.0
1466A,市人民体育场,2026,4,23,21,38.0,0.4,42.0,91.0,38.0,15.0,5.0
1467A,高新西区,2026,4,23,21,42.0,0.4,33.0,104.0,42.0,17.0,6.0
1468A,经开区,2026,4,23,21,48.0,0.5,29.0,100.0,48.0,18.0,4.0
1469A,长安区,2026,4,23,21,49.0,0.5,24.0,99.0,49.0,11.0,6.0
1471A,临潼区,2026,4,23,21,35.0,0.6,18.0,89.0,35.0,9.0,6.0
1474A,广运潭,2026,4,23,21,60.0,0.6,22.0,86.0,64.0,18.0,3.0
3605A,无线电监控中心,2026,4,23,21,57.0,0.5,36.0,81.0,59.0,29.0,4.0
4055A,行知小学,2026,4,23,21,58.0,0.7,42.0,87.0,60.0,23.0,5.0
4233A,西苑北路977号,2026,4,23,21,63.0,0.7,23.0,101.0,68.0,20.0,7.0
4307A,曲江池东路988号,2026,4,23,21,51.0,0.8,53.0,61.0,51.0,17.0,6.0
3055A,城北区政府,2026,4,23,21,78.0,0.4,22.0,80.0,89.0,40.0,7.0
3629A,世纪职校,2026,4,23,21,0.0,0.4,11.0,88.0,0.0,0.0,7.0
4162A,海晏路105号,2026,4,23,21,78.0,1.6,15.0,71.0,88.0,44.0,11.0
2612A,景洪市江南,2026,4,23,21,96.0,1.0,18.0,38.0,88.0,58.0,9.0
2613A,景洪市江北,2026,4,23,21,115.0,0.8,25.0,52.0,99.0,76.0,13.0
2202A,市环保监测站,2026,4,23,21,27.0,0.3,25.0,50.0,27.0,11.0,6.0
2203A,市政府,2026,4,23,21,22.0,0.4,17.0,66.0,22.0,10.0,4.0
1287A,洪文,2026,4,23,21,14.0,0.6,15.0,44.0,12.0,7.0,4.0
1288A,鼓浪屿,2026,4,23,21,15.0,0.0,12.0,47.0,14.0,4.0,1.0
2842A,湖里中学,2026,4,23,21,0.0,0.0,0.0,0.0,12.0,9.0,0.0
3527A,集美中学,2026,4,23,21,16.0,0.6,13.0,50.0,7.0,4.0,1.0
3528A,同安二实小,2026,4,23,21,13.0,0.6,19.0,40.0,9.0,9.0,2.0
3655A,长江产业园,2026,4,23,21,42.0,0.5,35.0,26.0,42.0,11.0,5.0
4217A,双鹤路18号,2026,4,23,21,47.0,0.6,15.0,51.0,47.0,15.0,5.0
4298A,碧桂路,2026,4,23,21,33.0,0.5,16.0,42.0,33.0,9.0,8.0
1919A,实验中学,2026,4,23,21,43.0,0.6,16.0,120.0,43.0,28.0,7.0
1920A,师范学院,2026,4,23,21,59.0,0.7,22.0,111.0,62.0,27.0,6.0
3525A,奥体中心,2026,4,23,21,55.0,0.4,15.0,107.0,57.0,23.0,3.0
4056A,五陵塬路2号,2026,4,23,21,69.0,0.7,40.0,86.0,76.0,32.0,4.0
4156A,胭脂路9号,2026,4,23,21,65.0,0.6,17.0,115.0,70.0,26.0,6.0
4157A,杨扶路,2026,4,23,21,47.0,0.6,15.0,104.0,47.0,26.0,2.0
4158A,新桥路,2026,4,23,21,58.0,0.4,21.0,98.0,60.0,24.0,5.0
1508A,板塘,2026,4,23,21,35.0,0.3,26.0,80.0,35.0,24.0,6.0
1511A,市监测站,2026,4,23,21,0.0,0.3,0.0,70.0,39.0,25.0,4.0
1512A,江麓,2026,4,23,21,39.0,0.4,17.0,75.0,39.0,24.0,3.0
1513A,岳塘,2026,4,23,21,39.0,0.6,28.0,70.0,38.0,27.0,6.0
1514A,科大,2026,4,23,21,43.0,0.3,25.0,76.0,36.0,30.0,2.0
1562A,昭山,2026,4,23,21,46.0,0.4,55.0,30.0,46.0,18.0,4.0
2493A,州政府,2026,4,23,21,30.0,0.5,10.0,34.0,30.0,16.0,3.0
2494A,吉首市计生局,2026,4,23,21,25.0,0.4,14.0,37.0,22.0,17.0,7.0
2432A,襄城运动路,2026,4,23,21,39.0,0.2,16.0,78.0,39.0,21.0,9.0
2434A,高新管委会,2026,4,23,21,41.0,0.5,20.0,76.0,41.0,14.0,8.0
2435A,襄州航空路,2026,4,23,21,43.0,0.4,18.0,86.0,40.0,30.0,10.0
3396A,襄城隆中路,2026,4,23,21,34.0,0.5,10.0,108.0,26.0,13.0,10.0
3397A,高新台子湾,2026,4,23,21,40.0,0.8,19.0,83.0,40.0,22.0,8.0
4251A,铁院东路4号,2026,4,23,21,29.0,0.4,18.0,77.0,26.0,20.0,9.0
2444A,东城区,2026,4,23,21,29.0,0.5,13.0,71.0,29.0,15.0,4.0
4125A,天仙南路1号,2026,4,23,21,0.0,0.0,10.0,0.0,40.0,20.0,3.0
2181A,开发区,2026,4,23,21,74.0,0.5,32.0,118.0,83.0,35.0,11.0
2182A,会展中心,2026,4,23,21,75.0,0.4,36.0,106.0,85.0,46.0,9.0
3208A,市政府,2026,4,23,21,93.0,0.7,54.0,98.0,109.0,42.0,21.0
4063A,市政府,2026,4,23,21,55.0,0.4,15.0,92.0,57.0,24.0,2.0
4064A,城管大队,2026,4,23,21,48.0,0.4,14.0,94.0,48.0,15.0,4.0
2389A,环保西院,2026,4,23,21,55.0,0.4,14.0,98.0,57.0,20.0,10.0
2390A,开发区,2026,4,23,21,47.0,0.5,17.0,92.0,47.0,16.0,8.0
2391A,环保东院,2026,4,23,21,55.0,0.3,14.0,98.0,56.0,16.0,6.0
3054A,市委党校,2026,4,23,21,54.0,0.6,19.0,99.0,55.0,17.0,8.0
3475A,市政府,2026,4,23,21,35.0,0.3,12.0,95.0,35.0,17.0,9.0
3689A,行政服务中心,2026,4,23,21,36.0,0.6,15.0,106.0,36.0,15.0,6.0
4215A,建设东路46号,2026,4,23,21,42.0,0.6,12.0,94.0,42.0,22.0,9.0
2353A,飞宇,2026,4,23,21,33.0,0.7,66.0,60.0,32.0,21.0,3.0
2354A,第二水厂,2026,4,23,21,33.0,1.0,12.0,55.0,32.0,23.0,10.0
2355A,市气象局,2026,4,23,21,38.0,0.2,20.0,48.0,34.0,26.0,1.0
3206A,新钢沁园村,2026,4,23,21,38.0,0.5,20.0,56.0,34.0,26.0,6.0
2054A,平桥分局,2026,4,23,21,32.0,0.3,11.0,63.0,27.0,22.0,6.0
2064A,南湾水厂,2026,4,23,21,47.0,0.3,11.0,74.0,47.0,22.0,4.0
2065A,市酿酒公司,2026,4,23,21,41.0,0.2,16.0,65.0,41.0,20.0,4.0
2066A,审计局,2026,4,23,21,49.0,0.3,11.0,67.0,49.0,23.0,5.0
4280A,洮儿河南路,2026,4,23,21,48.0,0.5,9.0,82.0,48.0,22.0,2.0
4311A,科尔沁北路63号,2026,4,23,21,37.0,0.5,12.0,83.0,37.0,20.0,8.0
1077A,达活泉,2026,4,23,21,66.0,0.4,9.0,88.0,57.0,43.0,2.0
1078A,邢师高专,2026,4,23,21,0.0,0.0,8.0,0.0,45.0,27.0,2.0
1079A,路桥公司,2026,4,23,21,50.0,0.4,9.0,105.0,50.0,22.0,4.0
1080A,市环保局,2026,4,23,21,56.0,0.3,11.0,100.0,58.0,17.0,3.0
4070A,襄都区政府南院,2026,4,23,21,51.0,0.3,7.0,101.0,51.0,27.0,2.0
1180A,新城区,2026,4,23,21,51.0,0.5,45.0,51.0,51.0,12.0,6.0
1182A,农科院,2026,4,23,21,36.0,0.4,22.0,82.0,36.0,15.0,6.0
3005A,鼓楼区政府,2026,4,23,21,30.0,0.3,9.0,96.0,29.0,10.0,9.0
3006A,铜山区招生办,2026,4,23,21,39.0,0.4,27.0,73.0,39.0,9.0,6.0
3288A,大泉街道,2026,4,23,21,0.0,0.4,32.0,0.0,60.0,16.0,8.0
4088A,纺织东路16号,2026,4,23,21,29.0,0.6,15.0,82.0,29.0,11.0,6.0
4186A,解放南路202号,2026,4,23,21,52.0,0.5,22.0,67.0,52.0,12.0,8.0
4288A,龙潭环路5号,2026,4,23,21,41.0,0.6,25.0,60.0,41.0,13.0,8.0
2398A,开发区,2026,4,23,21,38.0,0.4,30.0,61.0,38.0,23.0,5.0
3134A,市一中,2026,4,23,21,39.0,0.3,15.0,82.0,39.0,21.0,4.0
3337A,许昌学院,2026,4,23,21,38.0,0.4,27.0,70.0,36.0,26.0,6.0
3338A,芙蓉广场,2026,4,23,21,0.0,0.0,0.0,84.0,0.0,0.0,0.0
4180A,新元大道996号,2026,4,23,21,36.0,0.3,10.0,84.0,36.0,18.0,3.0
4259A,望田路111号,2026,4,23,21,39.0,0.5,25.0,78.0,39.0,24.0,5.0
2316A,鳌峰子站,2026,4,23,21,24.0,0.3,18.0,74.0,22.0,13.0,4.0
2317A,敬亭山子站,2026,4,23,21,21.0,0.3,16.0,67.0,15.0,9.0,3.0
2318A,开发区子站,2026,4,23,21,25.0,0.3,16.0,79.0,19.0,13.0,6.0
2555A,市政府,2026,4,23,21,32.0,0.4,16.0,68.0,32.0,16.0,7.0
2556A,川农大,2026,4,23,21,33.0,0.4,18.0,81.0,33.0,16.0,6.0
4306A,滨江西路,2026,4,23,21,46.0,0.4,33.0,65.0,46.0,20.0,5.0
1642A,开发区,2026,4,23,21,56.0,0.7,66.0,35.0,58.0,37.0,10.0
1644A,西郊化工站,2026,4,23,21,75.0,0.9,98.0,13.0,85.0,23.0,10.0
1645A,莱山环保局,2026,4,23,21,39.0,0.5,21.0,96.0,39.0,7.0,8.0
1646A,福山环保局,2026,4,23,21,65.0,0.6,40.0,71.0,70.0,12.0,6.0
3057A,牟平检察院,2026,4,23,21,74.0,0.6,49.0,55.0,83.0,29.0,5.0
3366A,中国农业大学,2026,4,23,21,68.0,0.5,47.0,55.0,75.0,21.0,7.0
4213A,青年南路118号,2026,4,23,21,48.0,0.6,27.0,86.0,48.0,10.0,3.0
1927A,延大医附院,2026,4,23,21,50.0,0.4,12.0,120.0,50.0,14.0,3.0
1929A,百米大道,2026,4,23,21,53.0,0.3,19.0,118.0,53.0,14.0,4.0
4161A,志丹路,2026,4,23,21,40.0,0.4,12.0,125.0,40.0,12.0,4.0
2237A,妇幼医院,2026,4,23,21,113.0,0.6,17.0,135.0,77.0,74.0,8.0
2238A,延边医院,2026,4,23,21,112.0,0.8,28.0,140.0,93.0,73.0,8.0
2239A,朝阳川镇医院,2026,4,23,21,204.0,1.0,32.0,81.0,111.0,154.0,9.0
1216A,市监测站,2026,4,23,21,35.0,0.6,56.0,33.0,35.0,18.0,7.0
1218A,开发区管委会,2026,4,23,21,38.0,0.4,19.0,80.0,38.0,11.0,7.0
3004A,宝龙广场,2026,4,23,21,31.0,0.6,18.0,71.0,31.0,10.0,6.0
3293A,月亮广场,2026,4,23,21,28.0,0.5,15.0,70.0,28.0,11.0,6.0
3436A,大丰高级中学,2026,4,23,21,39.0,0.6,32.0,60.0,39.0,16.0,6.0
4207A,黄海中路88号,2026,4,23,21,39.0,0.5,25.0,72.0,39.0,9.0,6.0
1186A,邗江监测站,2026,4,23,21,55.0,0.4,44.0,58.0,56.0,16.0,2.0
2869A,五台山医院,2026,4,23,21,30.0,0.5,21.0,79.0,30.0,18.0,7.0
3164A,广陵建设局,2026,4,23,21,53.0,0.5,31.0,73.0,53.0,25.0,8.0
3195A,市体育局,2026,4,23,21,48.0,0.4,42.0,71.0,48.0,16.0,7.0
3294A,引江管理处,2026,4,23,21,51.0,0.6,41.0,50.0,51.0,18.0,3.0
4093A,廖家沟步道,2026,4,23,21,58.0,0.5,63.0,44.0,60.0,20.0,4.0
1701A,马南垌,2026,4,23,21,23.0,0.6,18.0,21.0,11.0,16.0,4.0
3317A,两阳中学,2026,4,23,21,26.0,0.6,24.0,15.0,18.0,18.0,0.0
3453A,阳东陶然,2026,4,23,21,30.0,0.7,16.0,25.0,16.0,21.0,8.0
1739A,赛鱼,2026,4,23,21,68.0,1.0,109.0,17.0,63.0,44.0,10.0
1740A,南庄,2026,4,23,21,104.0,1.1,25.0,95.0,96.0,64.0,12.0
1742A,平坦,2026,4,23,21,82.0,1.5,21.0,135.0,90.0,51.0,13.0
1743A,大阳泉,2026,4,23,21,71.0,1.0,19.0,135.0,79.0,45.0,14.0
3619A,龙柱,2026,4,23,21,122.0,1.0,34.0,0.0,0.0,84.0,13.0
4077A,宁波路,2026,4,23,21,86.0,1.6,23.0,148.0,100.0,46.0,17.0
2252A,环保局,2026,4,23,21,20.0,0.4,13.0,51.0,20.0,12.0,3.0
2253A,电力嘉园,2026,4,23,21,34.0,0.5,12.0,43.0,34.0,18.0,3.0
3342A,中心小学,2026,4,23,21,39.0,0.5,16.0,47.0,39.0,16.0,2.0
3343A,检察院,2026,4,23,21,39.0,0.4,13.0,44.0,39.0,16.0,4.0
4284A,永安路4-1号,2026,4,23,21,28.0,0.4,14.0,38.0,11.0,19.0,2.0
2704A,新政府片区,2026,4,23,21,0.0,0.4,11.0,89.0,41.0,15.0,0.0
2705A,第二水厂,2026,4,23,21,53.0,0.3,12.0,96.0,54.0,20.0,7.0
4273A,安徽路800号,2026,4,23,21,39.0,0.1,14.0,108.0,39.0,15.0,5.0
1883A,市委,2026,4,23,21,47.0,0.7,20.0,104.0,47.0,31.0,8.0
1884A,宜宾四中,2026,4,23,21,48.0,0.7,24.0,103.0,48.0,30.0,8.0
1886A,黄金嘴,2026,4,23,21,39.0,0.5,19.0,111.0,39.0,21.0,12.0
3728A,白酒学院,2026,4,23,21,47.0,0.8,16.0,111.0,47.0,32.0,9.0
4149A,宜宾市职业技术学校,2026,4,23,21,39.0,0.8,23.0,111.0,31.0,27.0,8.0
1840A,白龙岗,2026,4,23,21,39.0,0.5,22.0,99.0,39.0,17.0,9.0
1842A,点军区,2026,4,23,21,34.0,0.3,32.0,84.0,34.0,6.0,7.0
1843A,夷陵区,2026,4,23,21,37.0,0.3,14.0,101.0,37.0,21.0,8.0
3546A,猇亭区张家湾站,2026,4,23,21,0.0,0.4,20.0,0.0,0.0,0.0,7.0
4203A,西陵二路116号,2026,4,23,21,36.0,0.5,14.0,113.0,30.0,23.0,6.0
4204A,沈家店路6号,2026,4,23,21,46.0,0.4,28.0,78.0,46.0,14.0,9.0
2373A,市石油公司,2026,4,23,21,35.0,0.5,11.0,64.0,35.0,15.0,5.0
2374A,市气象局,2026,4,23,21,38.0,0.7,14.0,62.0,38.0,22.0,7.0
2375A,市广电局,2026,4,23,21,25.0,0.7,14.0,54.0,25.0,17.0,7.0
3151A,宜春学院北校区,2026,4,23,21,31.0,0.6,14.0,58.0,31.0,14.0,6.0
2468A,市环保局,2026,4,23,21,78.0,0.7,16.0,87.0,45.0,49.0,6.0
4181A,龙洲站,2026,4,23,21,0.0,0.5,11.0,0.0,39.0,38.0,6.0
4187A,幸福渠东路223号,2026,4,23,21,54.0,0.6,21.0,85.0,54.0,37.0,5.0
4188A,益鑫泰路85号,2026,4,23,21,60.0,0.7,13.0,89.0,53.0,40.0,5.0
1489A,学院路,2026,4,23,21,122.0,0.5,31.0,0.0,176.0,55.0,5.0
2924A,水乡路,2026,4,23,21,105.0,0.2,22.0,86.0,133.0,54.0,6.0
2925A,上海东路,2026,4,23,21,93.0,0.4,32.0,73.0,109.0,42.0,4.0
2926A,文昌北街,2026,4,23,21,104.0,0.2,31.0,70.0,128.0,41.0,6.0
3523A,滨河新区,2026,4,23,21,100.0,0.5,18.0,67.0,120.0,52.0,8.0
4242A,广场西路,2026,4,23,21,0.0,0.8,0.0,88.0,0.0,0.0,0.0
2358A,新监测站,2026,4,23,21,20.0,0.5,10.0,64.0,18.0,8.0,4.0
2359A,财苑宾馆,2026,4,23,21,25.0,0.0,16.0,59.0,21.0,17.0,8.0
2360A,体育馆,2026,4,23,21,20.0,0.6,12.0,64.0,16.0,11.0,7.0
1597A,大庆路,2026,4,23,21,58.0,0.5,25.0,103.0,60.0,16.0,7.0
1598A,镜湖西路,2026,4,23,21,57.0,0.4,20.0,102.0,59.0,18.0,5.0
1599A,西炮台,2026,4,23,21,40.0,0.4,13.0,106.0,40.0,15.0,6.0
3379A,鲅鱼圈市民活动中心,2026,4,23,21,81.0,0.7,38.0,89.0,93.0,24.0,8.0
3866A,三高中,2026,4,23,21,61.0,0.3,22.0,92.0,65.0,21.0,6.0
4006A,老边实验小学,2026,4,23,21,83.0,1.6,79.0,45.0,95.0,33.0,31.0
2478A,市环境监测站,2026,4,23,21,36.0,0.6,24.0,68.0,35.0,25.0,6.0
2480A,永州市环保局,2026,4,23,21,29.0,0.3,15.0,88.0,27.0,20.0,4.0
2481A,冷水滩区环保局,2026,4,23,21,28.0,0.4,17.0,86.0,27.0,19.0,6.0
4299A,徐家井路86号,2026,4,23,21,0.0,0.4,12.0,0.0,24.0,30.0,6.0
2639A,世纪广场,2026,4,23,21,0.0,0.4,18.0,117.0,0.0,26.0,4.0
2640A,实验中学,2026,4,23,21,81.0,0.4,15.0,120.0,93.0,24.0,3.0
2641A,环保监测大楼,2026,4,23,21,76.0,0.5,15.0,116.0,86.0,24.0,6.0
2511A,南江一中,2026,4,23,21,22.0,0.7,11.0,43.0,19.0,15.0,6.0
3532A,玉林师范学院东校区,2026,4,23,21,28.0,0.7,37.0,19.0,24.0,19.0,7.0
3533A,福绵环保局,2026,4,23,21,27.0,1.0,26.0,21.0,27.0,13.0,5.0
4255A,人民东路196号,2026,4,23,21,0.0,0.8,20.0,0.0,20.0,10.0,6.0
2675A,玉树县结古镇,2026,4,23,21,29.0,0.3,9.0,91.0,24.0,5.0,4.0
1715A,东风水库,2026,4,23,21,56.0,0.4,9.0,138.0,58.0,27.0,5.0
2882A,玉溪一中,2026,4,23,21,42.0,0.5,9.0,132.0,34.0,29.0,2.0
2883A,文体中心,2026,4,23,21,61.0,0.4,8.0,133.0,65.0,28.0,5.0
1848A,城陵矶,2026,4,23,21,26.0,0.7,35.0,47.0,26.0,13.0,2.0
1849A,开发区,2026,4,23,21,29.0,0.6,17.0,72.0,26.0,20.0,5.0
1850A,云溪区,2026,4,23,21,30.0,0.7,9.0,55.0,28.0,21.0,3.0
1851A,君山区,2026,4,23,21,38.0,0.5,17.0,67.0,38.0,26.0,2.0
4265A,求索西路365号,2026,4,23,21,30.0,0.5,14.0,65.0,30.0,18.0,3.0
1714A,牧羊,2026,4,23,21,0.0,0.5,29.0,11.0,0.0,8.0,2.0
3628A,文笔,2026,4,23,21,19.0,0.5,22.0,33.0,19.0,7.0,6.0
2175A,运城中学,2026,4,23,21,36.0,0.4,9.0,113.0,29.0,12.0,6.0
2178A,地区技校,2026,4,23,21,34.0,0.3,10.0,107.0,22.0,8.0,4.0
3667A,水利职院,2026,4,23,21,36.0,0.3,7.0,114.0,24.0,5.0,6.0
3670A,禹都公园,2026,4,23,21,37.0,0.4,8.0,117.0,23.0,7.0,7.0
4081A,学苑北路2555号,2026,4,23,21,37.0,0.3,8.0,116.0,21.0,5.0,6.0
1637A,市中区政府,2026,4,23,21,62.0,0.7,30.0,104.0,66.0,13.0,12.0
1638A,薛城环保局,2026,4,23,21,79.0,0.7,109.0,4.0,90.0,20.0,10.0
1639A,峄城区政府,2026,4,23,21,63.0,0.8,30.0,85.0,68.0,19.0,8.0
1641A,山亭区环保局,2026,4,23,21,48.0,0.6,29.0,101.0,48.0,20.0,8.0
3364A,市环保局,2026,4,23,21,39.0,0.5,22.0,118.0,39.0,10.0,6.0
4266A,文化路178号,2026,4,23,21,0.0,0.0,31.0,71.0,56.0,8.0,10.0
1680A,湛江影剧院,2026,4,23,21,43.0,0.7,16.0,31.0,41.0,30.0,12.0
1681A,市环境监测站,2026,4,23,21,49.0,0.7,18.0,35.0,36.0,34.0,10.0
1682A,环保局宿舍,2026,4,23,21,46.0,0.0,17.0,39.0,45.0,32.0,12.0
1683A,霞山游泳场,2026,4,23,21,0.0,0.0,18.0,0.0,49.0,29.0,13.0
1685A,坡头区环保局,2026,4,23,21,48.0,0.6,14.0,36.0,31.0,33.0,12.0
1858A,永定新区,2026,4,23,21,25.0,0.0,9.0,78.0,17.0,12.0,0.0
1859A,电业局,2026,4,23,21,23.0,0.5,8.0,72.0,15.0,11.0,4.0
1860A,未央路,2026,4,23,21,21.0,0.2,10.0,66.0,7.0,11.0,10.0
1057A,人民公园,2026,4,23,21,65.0,0.4,14.0,149.0,70.0,40.0,4.0
1059A,五金库,2026,4,23,21,72.0,0.0,19.0,142.0,80.0,42.0,0.0
1060A,世纪豪园,2026,4,23,21,70.0,0.6,15.0,137.0,77.0,37.0,8.0
3131A,烟厂,2026,4,23,21,124.0,0.0,14.0,134.0,182.0,59.0,0.0
3323A,青少年活动中心,2026,4,23,21,89.0,0.4,12.0,123.0,104.0,37.0,4.0
2654A,润泉湖,2026,4,23,21,130.0,0.3,6.0,113.0,198.0,53.0,3.0
2655A,区工会,2026,4,23,21,129.0,0.3,7.0,120.0,194.0,73.0,3.0
2920A,蓝田镇,2026,4,23,21,19.0,0.6,30.0,19.0,19.0,10.0,4.0
3216A,漳州党校,2026,4,23,21,14.0,0.0,11.0,33.0,14.0,6.0,0.0
3530A,西洋坪路,2026,4,23,21,11.0,0.6,13.0,28.0,11.0,0.0,3.0
2596A,监测站,2026,4,23,21,48.0,0.2,6.0,90.0,48.0,18.0,7.0
4261A,环东路146号,2026,4,23,21,30.0,0.2,10.0,92.0,29.0,21.0,8.0
1397A,睦岗子站,2026,4,23,21,12.0,0.0,14.0,38.0,12.0,6.0,4.0
1398A,城中子站,2026,4,23,21,13.0,0.5,11.0,40.0,13.0,6.0,7.0
1399A,坑口子站,2026,4,23,21,15.0,0.5,15.0,38.0,15.0,7.0,5.0
3313A,高要湖西,2026,4,23,21,12.0,0.5,14.0,38.0,12.0,7.0,5.0
3451A,鼎湖凤凰,2026,4,23,21,0.0,0.0,10.0,0.0,13.0,6.0,5.0
1203A,新区办事处,2026,4,23,21,52.0,0.7,61.0,27.0,52.0,26.0,2.0
1204A,职教中心,2026,4,23,21,48.0,0.5,38.0,53.0,48.0,21.0,6.0
1205A,丹徒区监测站,2026,4,23,21,40.0,0.6,63.0,29.0,40.0,21.0,2.0
2870A,市疾控中心,2026,4,23,21,32.0,0.6,25.0,36.0,32.0,13.0,4.0
3287A,富润路1号,2026,4,23,21,,,,,,,
1316A,烟厂,2026,4,23,21,35.0,0.2,17.0,101.0,35.0,20.0,5.0
1318A,银行学校,2026,4,23,21,39.0,0.4,18.0,103.0,39.0,21.0,4.0
1319A,供水公司,2026,4,23,21,39.0,0.4,15.0,122.0,36.0,24.0,3.0
1320A,经开区管委,2026,4,23,21,34.0,0.3,17.0,98.0,34.0,22.0,3.0
1321A,四十七中,2026,4,23,21,30.0,0.4,13.0,91.0,28.0,21.0,4.0
1323A,河医大,2026,4,23,21,38.0,0.3,19.0,101.0,38.0,26.0,3.0
3471A,惠济区政府,2026,4,23,21,38.0,0.3,18.0,120.0,37.0,26.0,7.0
3590A,北区建设指挥部,2026,4,23,21,37.0,0.6,28.0,77.0,37.0,24.0,3.0
3591A,上街区政府,2026,4,23,21,35.0,0.3,15.0,91.0,35.0,19.0,3.0
4293A,计划路2号,2026,4,23,21,41.0,0.3,21.0,98.0,41.0,24.0,2.0
4294A,同乐路9号,2026,4,23,21,52.0,0.5,15.0,100.0,52.0,30.0,2.0
1379A,华柏园,2026,4,23,21,25.0,0.0,31.0,18.0,11.0,17.0,0.0
1380A,张溪,2026,4,23,21,26.0,0.0,36.0,18.0,20.0,18.0,0.0
1381A,紫马岭,2026,4,23,21,26.0,0.6,35.0,13.0,13.0,18.0,5.0
3454A,中山南区,2026,4,23,21,22.0,0.6,38.0,14.0,14.0,15.0,3.0
2682A,环保局站,2026,4,23,21,105.0,0.3,9.0,102.0,133.0,48.0,8.0
3650A,沙坡头区政府站,2026,4,23,21,106.0,0.3,15.0,96.0,129.0,66.0,10.0
1416A,天生,2026,4,23,21,34.0,0.5,19.0,93.0,34.0,19.0,10.0
1417A,两路,2026,4,23,21,30.0,0.5,26.0,90.0,30.0,18.0,9.0
1419A,南坪,2026,4,23,21,32.0,0.6,18.0,101.0,26.0,15.0,10.0
1420A,唐家沱,2026,4,23,21,38.0,0.4,25.0,81.0,38.0,18.0,9.0
3014A,歇台子,2026,4,23,21,31.0,0.6,22.0,98.0,29.0,16.0,10.0
3015A,龙井湾,2026,4,23,21,31.0,0.5,19.0,99.0,24.0,20.0,9.0
3016A,龙洲湾,2026,4,23,21,31.0,0.3,17.0,93.0,31.0,17.0,9.0
3133A,上清寺,2026,4,23,21,37.0,0.5,33.0,83.0,37.0,22.0,10.0
3346A,安康,2026,4,23,21,39.0,0.6,32.0,33.0,39.0,14.0,6.0
3347A,北山路,2026,4,23,21,38.0,0.5,31.0,118.0,38.0,18.0,8.0
3350A,滩子口,2026,4,23,21,0.0,0.4,24.0,0.0,41.0,16.0,3.0
3351A,棠香,2026,4,23,21,34.0,0.6,11.0,106.0,28.0,20.0,6.0
3352A,桃源西路,2026,4,23,21,34.0,0.4,13.0,94.0,34.0,19.0,10.0
3353A,迎宾大道,2026,4,23,21,38.0,0.5,28.0,62.0,38.0,17.0,7.0
3354A,舟白,2026,4,23,21,29.0,0.5,15.0,48.0,29.0,4.0,9.0
3355A,周家坝,2026,4,23,21,71.0,0.5,72.0,8.0,79.0,31.0,13.0
3356A,百安坝,2026,4,23,21,39.0,0.4,18.0,78.0,34.0,27.0,4.0
3482A,芙蓉中路,2026,4,23,21,33.0,0.3,18.0,39.0,33.0,14.0,8.0
3484A,行政中心,2026,4,23,21,58.0,0.7,64.0,25.0,60.0,34.0,7.0
3599A,书院路,2026,4,23,21,25.0,0.4,18.0,80.0,23.0,16.0,8.0
3600A,虎峰,2026,4,23,21,42.0,0.6,19.0,123.0,42.0,24.0,10.0
3601A,龙门街,2026,4,23,21,48.0,0.7,29.0,104.0,48.0,23.0,9.0
3610A,昌元,2026,4,23,21,49.0,0.5,24.0,144.0,49.0,30.0,11.0
4136A,云师幼儿园,2026,4,23,21,36.0,0.7,33.0,47.0,29.0,25.0,8.0
4137A,公安局,2026,4,23,21,24.0,0.7,20.0,56.0,24.0,6.0,7.0
4138A,忠县中学,2026,4,23,21,46.0,0.6,25.0,54.0,46.0,18.0,5.0
4139A,竹枝路2号,2026,4,23,21,40.0,0.5,45.0,39.0,40.0,22.0,6.0
4140A,龙河路,2026,4,23,21,32.0,0.6,12.0,72.0,32.0,6.0,9.0
4141A,桃花源中路,2026,4,23,21,31.0,0.5,13.0,33.0,31.0,8.0,4.0
4142A,秀山县高级中学,2026,4,23,21,24.0,0.5,7.0,76.0,14.0,8.0,6.0
4143A,河堡街,2026,4,23,21,27.0,0.4,12.0,39.0,27.0,8.0,3.0
4223A,双山路147号,2026,4,23,21,37.0,0.3,30.0,111.0,37.0,15.0,9.0
4246A,桃园路24号,2026,4,23,21,36.0,0.4,15.0,101.0,36.0,23.0,10.0
4247A,钟楼街32号,2026,4,23,21,42.0,0.8,41.0,39.0,42.0,20.0,9.0
4248A,人民南路309号,2026,4,23,21,46.0,0.6,31.0,40.0,46.0,16.0,6.0
1258A,定海檀枫,2026,4,23,21,0.0,0.4,13.0,0.0,26.0,6.0,6.0
1260A,临城新区,2026,4,23,21,32.0,0.3,14.0,100.0,20.0,6.0,5.0
4033A,普陀东港中学,2026,4,23,21,29.0,0.3,10.0,92.0,21.0,6.0,7.0
2068A,周口师范,2026,4,23,21,45.0,0.4,11.0,82.0,16.0,31.0,3.0
4121A,羲皇大道,2026,4,23,21,33.0,0.3,13.0,87.0,33.0,19.0,2.0
4269A,七一路,2026,4,23,21,35.0,0.4,12.0,84.0,35.0,22.0,3.0
4296A,健康路46号,2026,4,23,21,0.0,0.4,10.0,0.0,0.0,0.0,1.0
4297A,太昊路,2026,4,23,21,49.0,0.5,15.0,80.0,39.0,34.0,2.0
1515A,天台山庄,2026,4,23,21,56.0,0.8,48.0,56.0,49.0,38.0,8.0
1518A,株冶医院,2026,4,23,21,48.0,0.9,26.0,59.0,48.0,33.0,6.0
1519A,市四中,2026,4,23,21,58.0,0.9,50.0,25.0,61.0,36.0,3.0
1520A,火车站,2026,4,23,21,80.0,1.2,61.0,20.0,70.0,50.0,6.0
1524A,市监测站,2026,4,23,21,54.0,0.6,43.0,56.0,55.0,34.0,8.0
2031A,云田中学,2026,4,23,21,36.0,0.4,23.0,69.0,36.0,25.0,5.0
1367A,吉大,2026,4,23,21,18.0,0.6,35.0,12.0,5.0,12.0,4.0
1368A,前山,2026,4,23,21,25.0,0.0,50.0,3.0,14.0,10.0,0.0
1369A,唐家,2026,4,23,21,25.0,0.0,38.0,14.0,25.0,17.0,0.0
1370A,斗门,2026,4,23,21,50.0,0.6,42.0,11.0,14.0,35.0,6.0
3308A,金湾,2026,4,23,21,29.0,0.6,41.0,12.0,29.0,18.0,0.0
3448A,横琴,2026,4,23,21,16.0,0.0,32.0,4.0,11.0,9.0,0.0
2420A,市一纸厂,2026,4,23,21,0.0,0.4,12.0,0.0,0.0,0.0,6.0
2421A,市彩印厂,2026,4,23,21,35.0,0.4,11.0,79.0,35.0,16.0,4.0
3339A,小管楼,2026,4,23,21,31.0,0.2,15.0,79.0,31.0,19.0,5.0
4202A,交通路1233号,2026,4,23,21,44.0,0.3,12.0,79.0,44.0,20.0,4.0
2562A,资阳中学,2026,4,23,21,58.0,0.7,14.0,95.0,60.0,24.0,6.0
2565A,区法院,2026,4,23,21,0.0,0.2,13.0,0.0,45.0,17.0,5.0
4150A,正兴街66号,2026,4,23,21,35.0,0.3,9.0,110.0,33.0,18.0,6.0
1631A,人民公园,2026,4,23,21,62.0,0.6,18.0,129.0,66.0,31.0,10.0
1633A,双山,2026,4,23,21,54.0,0.6,19.0,122.0,55.0,23.0,15.0
1634A,气象站,2026,4,23,21,47.0,0.6,14.0,133.0,47.0,23.0,21.0
3363A,新区,2026,4,23,21,53.0,0.5,23.0,128.0,53.0,28.0,12.0
3644A,三金集团,2026,4,23,21,0.0,0.6,0.0,108.0,79.0,33.0,20.0
3645A,东风化工厂,2026,4,23,21,76.0,0.4,21.0,120.0,86.0,42.0,7.0
4212A,广场路1号,2026,4,23,21,64.0,0.7,28.0,116.0,53.0,42.0,17.0
3028A,檀木林体育馆,2026,4,23,21,0.0,0.5,21.0,0.0,82.0,50.0,9.0
3360A,南湖救助站,2026,4,23,21,88.0,0.7,31.0,96.0,102.0,46.0,2.0
3638A,轻化工大学,2026,4,23,21,0.0,0.8,0.0,0.0,66.0,50.0,10.0
4225A,贡兴路74号,2026,4,23,21,59.0,0.6,14.0,118.0,62.0,38.0,9.0
1911A,丁字口,2026,4,23,21,29.0,0.7,32.0,36.0,29.0,17.0,11.0
1912A,凤凰山,2026,4,23,21,34.0,0.3,6.0,72.0,34.0,12.0,5.0
1913A,忠庄,2026,4,23,21,41.0,0.5,10.0,76.0,41.0,25.0,3.0
1915A,干田坝,2026,4,23,21,60.0,0.7,22.0,51.0,64.0,13.0,20.0
4152A,乌江大道东段1号,2026,4,23,21,22.0,0.4,15.0,63.0,22.0,13.0,5.0
4245A,遵南大道1161号,2026,4,23,21,30.0,0.7,15.0,70.0,27.0,21.0,3.0
